,1540,1540.20202,1540.40404,1540.606061,1540.808081,1541.010101,1541.212121,1541.414141,1541.616162,1541.818182,1542.020202,1542.222222,1542.424242,1542.626263,1542.828283,1543.030303,1543.232323,1543.434343,1543.636364,1543.838384,1544.040404,1544.242424,1544.444444,1544.646465,1544.848485,1545.050505,1545.252525,1545.454545,1545.656566,1545.858586,1546.060606,1546.262626,1546.464646,1546.666667,1546.868687,1547.070707,1547.272727,1547.474747,1547.676768,1547.878788,1548.080808,1548.282828,1548.484848,1548.686869,1548.888889,1549.090909,1549.292929,1549.494949,1549.69697,1549.89899,1550.10101,1550.30303,1550.505051,1550.707071,1550.909091,1551.111111,1551.313131,1551.515152,1551.717172,1551.919192,1552.121212,1552.323232,1552.525253,1552.727273,1552.929293,1553.131313,1553.333333,1553.535354,1553.737374,1553.939394,1554.141414,1554.343434,1554.545455,1554.747475,1554.949495,1555.151515,1555.353535,1555.555556,1555.757576,1555.959596,1556.161616,1556.363636,1556.565657,1556.767677,1556.969697,1557.171717,1557.373737,1557.575758,1557.777778,1557.979798,1558.181818,1558.383838,1558.585859,1558.787879,1558.989899,1559.191919,1559.393939,1559.59596,1559.79798,1560
1560,0.066653286,0.574774513,0.987611115,0.341920164,0.023768875,0.000325064,8.32E-07,3.50E-10,1.53E-14,4.28E-20,1.59E-23,1.11E-28,9.77E-35,1.30E-41,2.33E-49,2.06E-58,1.00E-66,3.29E-75,8.08E-85,2.80E-95,1.45E-106,8.70E-119,4.97E-134,3.54E-144,2.99E-157,2.79E-171,3.89E-186,7.86E-202,1.37E-218,5.97E-236,4.83E-252,1.40E-269,5.39E-288,3.17E-307,0,0,0,0,0,0,0,0,0,0,0,0,0,0,0,0,0,0,0,0,0,0,0,0,0,0,0,0,0,0,0,0,0,0,0,0,0,0,0,0,0,0,0,0,0,0,0,0,0,0,0,0,0,0,0,0,0,0,0,0,0,0,0,0,0,0
1559.79798,0.001674798,0.071673608,0.593581875,0.980697859,0.326754806,0.021873186,0.000288114,7.09E-07,2.87E-10,1.18E-14,4.00E-20,1.24E-23,8.29E-29,7.03E-35,9.02E-42,1.55E-49,1.25E-58,6.85E-67,2.11E-75,5.01E-85,1.69E-95,8.48E-107,4.88E-119,8.90E-135,2.02E-144,1.64E-157,1.49E-171,2.03E-186,3.99E-202,6.65E-219,3.25E-236,2.42E-252,6.85E-270,2.58E-288,1.49E-307,0,0,0,0,0,0,0,0,0,0,0,0,0,0,0,0,0,0,0,0,0,0,0,0,0,0,0,0,0,0,0,0,0,0,0,0,0,0,0,0,0,0,0,0,0,0,0,0,0,0,0,0,0,0,0,0,0,0,0,0,0,0,0,0,0
1559.59596,8.25E-06,0.001872236,0.076883322,0.612023107,0.973084669,0.312280185,0.020146471,0.000255802,6.07E-07,2.36E-10,9.12E-15,3.70E-20,9.73E-24,6.22E-29,5.09E-35,6.31E-42,1.04E-49,7.69E-59,4.71E-67,1.37E-75,3.14E-85,1.03E-95,5.01E-107,2.77E-119,3.03E-136,1.17E-144,9.14E-158,8.09E-172,1.08E-186,2.07E-202,3.30E-219,1.80E-236,1.23E-252,3.41E-270,1.26E-288,7.15E-308,0,0,0,0,0,0,0,0,0,0,0,0,0,0,0,0,0,0,0,0,0,0,0,0,0,0,0,0,0,0,0,0,0,0,0,0,0,0,0,0,0,0,0,0,0,0,0,0,0,0,0,0,0,0,0,0,0,0,0,0,0,0,0,0
1559.393939,6.72E-09,9.60E-06,0.002086113,0.082274711,0.630063904,0.964844415,0.298481131,0.018573519,0.000227515,5.20E-07,1.94E-10,7.10E-15,3.38E-20,7.67E-24,4.70E-29,3.71E-35,4.45E-42,7.08E-50,4.76E-59,3.27E-67,8.96E-76,1.99E-85,6.32E-96,3.00E-107,1.60E-119,7.17E-136,6.84E-145,5.17E-158,4.47E-172,5.82E-187,1.09E-202,1.67E-219,1.01E-236,6.43E-253,1.74E-270,6.29E-289,3.51E-308,0,0,0,0,0,0,0,0,0,0,0,0,0,0,0,0,0,0,0,0,0,0,0,0,0,0,0,0,0,0,0,0,0,0,0,0,0,0,0,0,0,0,0,0,0,0,0,0,0,0,0,0,0,0,0,0,0,0,0,0,0,0,0
1559.191919,4.27E-13,8.18E-09,1.11E-05,0.002316973,0.08783904,0.647673252,0.956048164,0.285340652,0.017140435,0.000202726,4.47E-07,1.61E-10,5.54E-15,3.06E-20,6.07E-24,3.57E-29,2.73E-35,3.16E-42,4.85E-50,2.96E-59,2.28E-67,5.93E-76,1.28E-85,3.94E-96,1.82E-107,9.35E-120,2.55E-135,4.07E-145,2.98E-158,2.51E-172,3.20E-187,5.85E-203,8.59E-220,5.74E-237,3.42E-253,9.02E-271,3.21E-289,0.00E+00,0,0,0,0,0,0,0,0,0,0,0,0,0,0,0,0,0,0,0,0,0,0,0,0,0,0,0,0,0,0,0,0,0,0,0,0,0,0,0,0,0,0,0,0,0,0,0,0,0,0,0,0,0,0,0,0,0,0,0,0,0,0
1558.989899,3.37E-17,5.62E-13,9.90E-09,1.28E-05,0.002565285,0.093566599,0.664823483,0.94676484,0.272840293,0.015834544,0.000180978,3.86E-07,1.33E-10,4.35E-15,2.76E-20,4.83E-24,2.73E-29,2.02E-35,2.26E-42,3.35E-50,1.86E-59,1.61E-67,3.97E-76,8.28E-86,2.49E-96,1.12E-107,5.55E-120,3.79E-135,2.45E-145,1.74E-158,1.43E-172,1.79E-187,3.20E-203,4.51E-220,3.31E-237,1.85E-253,4.78E-271,1.68E-289,0.00E+00,0,0,0,0,0,0,0,0,0,0,0,0,0,0,0,0,0,0,0,0,0,0,0,0,0,0,0,0,0,0,0,0,0,0,0,0,0,0,0,0,0,0,0,0,0,0,0,0,0,0,0,0,0,0,0,0,0,0,0,0,0
1558.787879,8.98E-21,3.91E-17,7.34E-13,1.19E-08,1.48E-05,0.002831443,0.099446768,0.681490286,0.937060943,0.260960452,0.014644297,0.000161876,3.34E-07,1.11E-10,3.42E-15,2.48E-20,3.86E-24,2.10E-29,1.50E-35,1.63E-42,2.33E-50,1.17E-59,1.14E-67,2.68E-76,5.43E-86,1.59E-96,6.96E-108,3.34E-120,4.22E-135,1.50E-145,1.03E-158,8.33E-173,1.02E-187,1.78E-203,2.42E-220,1.94E-237,1.02E-253,2.59E-271,8.96E-290,0.00E+00,0,0,0,0,0,0,0,0,0,0,0,0,0,0,0,0,0,0,0,0,0,0,0,0,0,0,0,0,0,0,0,0,0,0,0,0,0,0,0,0,0,0,0,0,0,0,0,0,0,0,0,0,0,0,0,0,0,0,0,0
1558.585859,1.45E-25,1.15E-20,4.51E-17,9.50E-13,1.43E-08,1.69E-05,0.003115748,0.105468074,0.697652696,0.927000322,0.249680674,0.013559177,0.000145077,2.89E-07,9.29E-11,2.71E-15,2.21E-20,3.10E-24,1.62E-29,1.13E-35,1.19E-42,1.64E-50,7.48E-60,8.16E-68,1.83E-76,3.61E-86,1.03E-96,4.40E-108,2.04E-120,4.09E-135,9.33E-146,6.23E-159,4.92E-173,5.90E-188,1.01E-203,1.32E-220,1.16E-237,5.77E-254,1.43E-271,4.89E-290,0.00E+00,0,0,0,0,0,0,0,0,0,0,0,0,0,0,0,0,0,0,0,0,0,0,0,0,0,0,0,0,0,0,0,0,0,0,0,0,0,0,0,0,0,0,0,0,0,0,0,0,0,0,0,0,0,0,0,0,0,0,0
1558.383838,3.42E-31,1.94E-25,1.46E-20,5.16E-17,1.22E-12,1.70E-08,1.93E-05,0.003418405,0.111618265,0.713293044,0.916643995,0.238979902,0.012569616,0.000130287,2.51E-07,7.79E-11,2.15E-15,1.97E-20,2.50E-24,1.26E-29,8.51E-36,8.72E-43,1.16E-50,4.80E-60,5.88E-68,1.26E-76,2.42E-86,6.75E-97,2.81E-108,1.26E-120,3.67E-135,5.88E-146,3.82E-159,2.96E-173,3.48E-188,5.85E-204,7.37E-221,7.01E-238,3.32E-254,8.11E-272,2.73E-290,0.00E+00,0,0,0,0,0,0,0,0,0,0,0,0,0,0,0,0,0,0,0,0,0,0,0,0,0,0,0,0,0,0,0,0,0,0,0,0,0,0,0,0,0,0,0,0,0,0,0,0,0,0,0,0,0,0,0,0,0,0
1558.181818,1.30E-37,4.75E-31,2.57E-25,1.84E-20,5.85E-17,1.55E-12,2.02E-08,2.19E-05,0.003739515,0.11788438,0.728396887,0.906050013,0.228836712,0.011666917,0.000117249,2.19E-07,6.57E-11,1.72E-15,1.75E-20,2.03E-24,9.90E-30,6.47E-36,6.45E-43,8.32E-51,3.10E-60,4.28E-68,8.80E-77,1.64E-86,4.48E-97,1.82E-108,7.92E-121,3.13E-135,3.76E-146,2.38E-159,1.81E-173,2.09E-188,3.45E-204,4.19E-221,4.31E-238,1.95E-254,4.68E-272,1.55E-290,7.97653640819317e-310,0,0,0,0,0,0,0,0,0,0,0,0,0,0,0,0,0,0,0,0,0,0,0,0,0,0,0,0,0,0,0,0,0,0,0,0,0,0,0,0,0,0,0,0,0,0,0,0,0,0,0,0,0,0,0,0,0
1557.979798,6.59E-45,1.87E-37,6.54E-31,3.39E-25,2.30E-20,6.58E-17,1.96E-12,2.38E-08,2.47E-05,0.004079065,0.124252831,0.742952908,0.895273369,0.219229504,0.010843179,0.000105741,1.92E-07,5.56E-11,1.38E-15,1.56E-20,1.66E-24,7.81E-30,4.96E-36,4.81E-43,6.01E-51,2.02E-60,3.14E-68,6.20E-77,1.13E-86,3.01E-97,1.20E-108,5.05E-121,2.58E-135,2.44E-146,1.50E-159,1.12E-173,1.28E-188,2.07E-204,2.43E-221,2.70E-238,1.17E-254,2.76E-272,9.07E-291,4.60216466971554e-310,0,0,0,0,0,0,0,0,0,0,0,0,0,0,0,0,0,0,0,0,0,0,0,0,0,0,0,0,0,0,0,0,0,0,0,0,0,0,0,0,0,0,0,0,0,0,0,0,0,0,0,0,0,0,0,0
1557.777778,8.66E-54,9.93E-45,2.67E-37,8.93E-31,4.43E-25,2.87E-20,7.34E-17,2.46E-12,2.80E-08,2.79E-05,0.004436926,0.130709478,0.756952799,0.884365943,0.210136682,0.010091229,9.56E-05,1.68E-07,4.72E-11,1.11E-15,1.39E-20,1.36E-24,6.19E-30,3.83E-36,3.62E-43,4.38E-51,1.32E-60,2.32E-68,4.42E-77,7.86E-87,2.05E-97,7.99E-109,3.26E-121,2.09E-135,1.60E-146,9.67E-160,7.10E-174,7.96E-189,1.27E-204,1.44E-221,1.72E-238,7.13E-255,1.66E-272,5.41E-291,2.71748147030734e-310,0,0,0,0,0,0,0,0,0,0,0,0,0,0,0,0,0,0,0,0,0,0,0,0,0,0,0,0,0,0,0,0,0,0,0,0,0,0,0,0,0,0,0,0,0,0,0,0,0,0,0,0,0,0,0
1557.575758,6.98E-61,1.51E-53,1.48E-44,3.78E-37,1.21E-30,5.75E-25,3.55E-20,8.13E-17,3.06E-12,3.27E-08,3.13E-05,0.004812848,0.137239716,0.770391122,0.873376483,0.201536799,0.009404558,8.66E-05,1.48E-07,4.02E-11,8.96E-16,1.23E-20,1.12E-24,4.95E-30,2.98E-36,2.74E-43,3.22E-51,8.75E-61,1.74E-68,3.18E-77,5.53E-87,1.41E-97,5.39E-109,2.14E-121,1.67E-135,1.07E-146,6.31E-160,4.56E-174,5.05E-189,7.92E-205,8.68E-222,1.11E-238,4.44E-255,1.02E-272,3.30E-291,1.64225864155414e-310,0,0,0,0,0,0,0,0,0,0,0,0,0,0,0,0,0,0,0,0,0,0,0,0,0,0,0,0,0,0,0,0,0,0,0,0,0,0,0,0,0,0,0,0,0,0,0,0,0,0,0,0,0,0
1557.373737,6.23E-69,1.03E-60,2.59E-53,2.18E-44,5.30E-37,1.62E-30,7.40E-25,4.37E-20,8.92E-17,3.78E-12,3.80E-08,3.51E-05,0.005206452,0.143828549,0.783265162,0.862350612,0.193408688,0.008777259,7.86E-05,1.31E-07,3.44E-11,7.28E-16,1.09E-20,9.27E-25,3.97E-30,2.33E-36,2.10E-43,2.39E-51,5.82E-61,1.31E-68,2.31E-77,3.93E-87,9.88E-98,3.69E-109,1.43E-121,1.33E-135,7.26E-147,4.19E-160,2.98E-174,3.26E-189,5.03E-205,5.35E-222,7.35E-239,2.83E-255,6.44E-273,2.05E-291,1.01578160611423e-310,0,0,0,0,0,0,0,0,0,0,0,0,0,0,0,0,0,0,0,0,0,0,0,0,0,0,0,0,0,0,0,0,0,0,0,0,0,0,0,0,0,0,0,0,0,0,0,0,0,0,0,0,0
1557.171717,5.40E-78,9.75E-69,1.51E-60,4.32E-53,3.19E-44,7.36E-37,2.17E-30,9.48E-25,5.34E-20,9.70E-17,4.64E-12,4.40E-08,3.91E-05,0.00561723,0.150460683,0.795574756,0.851330866,0.185731567,0.00820398,7.15E-05,1.16E-07,2.96E-11,5.95E-16,9.75E-21,7.72E-25,3.22E-30,1.84E-36,1.62E-43,1.80E-51,3.90E-61,9.94E-69,1.70E-77,2.83E-87,6.98E-98,2.56E-109,9.64E-122,1.05E-135,5.00E-147,2.83E-160,1.99E-174,2.14E-189,3.26E-205,3.36E-222,4.93E-239,1.84E-255,4.14E-273,1.31E-291,6.4306615762804e-311,0,0,0,0,0,0,0,0,0,0,0,0,0,0,0,0,0,0,0,0,0,0,0,0,0,0,0,0,0,0,0,0,0,0,0,0,0,0,0,0,0,0,0,0,0,0,0,0,0,0,0,0
1556.969697,7.09E-88,8.76E-78,1.51E-68,2.19E-60,7.08E-53,4.61E-44,1.01E-36,2.86E-30,1.20E-24,6.49E-20,1.05E-16,5.65E-12,5.07E-08,4.35E-05,0.006044543,0.157120596,0.807322122,0.840356751,0.178485132,0.007679868,6.52E-05,1.03E-07,2.55E-11,4.88E-16,8.69E-21,6.46E-25,2.62E-30,1.47E-36,1.26E-43,1.36E-51,2.63E-61,7.62E-69,1.26E-77,2.07E-87,5.00E-98,1.80E-109,6.61E-122,8.33E-136,3.49E-147,1.94E-160,1.34E-174,1.43E-189,2.15E-205,2.16E-222,3.37E-239,1.22E-255,2.71E-273,8.54E-292,4.1669624188277e-311,0,0,0,0,0,0,0,0,0,0,0,0,0,0,0,0,0,0,0,0,0,0,0,0,0,0,0,0,0,0,0,0,0,0,0,0,0,0,0,0,0,0,0,0,0,0,0,0,0,0,0
1556.767677,1.43E-98,1.19E-87,1.40E-77,2.31E-68,3.13E-60,1.14E-52,6.59E-44,1.39E-36,3.76E-30,1.52E-24,7.84E-20,1.12E-16,6.83E-12,5.82E-08,4.81E-05,0.00648762,0.163792624,0.818511679,0.829464821,0.171649627,0.007200525,5.97E-05,9.17E-08,2.21E-11,4.03E-16,7.76E-21,5.44E-25,2.15E-30,1.17E-36,9.85E-44,1.04E-51,1.79E-61,5.90E-69,9.50E-78,1.52E-87,3.63E-98,1.29E-109,4.60E-122,6.61E-136,2.47E-147,1.35E-160,9.25E-175,9.74E-190,1.45E-205,1.41E-222,2.34E-239,8.23E-256,1.82E-273,5.69E-292,2.763780983132e-311,0,0,0,0,0,0,0,0,0,0,0,0,0,0,0,0,0,0,0,0,0,0,0,0,0,0,0,0,0,0,0,0,0,0,0,0,0,0,0,0,0,0,0,0,0,0,0,0,0,0
1556.565657,3.21E-110,2.49E-98,1.96E-87,2.22E-77,3.49E-68,4.43E-60,1.80E-52,9.34E-44,1.88E-36,4.89E-30,1.90E-24,9.42E-20,1.18E-16,8.22E-12,6.64E-08,5.31E-05,0.006945559,0.170461037,0.829149861,0.818688773,0.165205905,0.006761969,5.47E-05,8.20E-08,1.93E-11,3.34E-16,6.95E-21,4.60E-25,1.77E-30,9.49E-37,7.79E-44,8.01E-52,1.23E-61,4.61E-69,7.22E-78,1.14E-87,2.67E-98,9.30E-110,3.25E-122,5.26E-136,1.78E-147,9.56E-161,6.48E-175,6.76E-190,9.95E-206,9.44E-223,1.66E-239,5.68E-256,1.25E-273,3.88E-292,1.8763707902425e-311,0,0,0,0,0,0,0,0,0,0,0,0,0,0,0,0,0,0,0,0,0,0,0,0,0,0,0,0,0,0,0,0,0,0,0,0,0,0,0,0,0,0,0,0,0,0,0,0,0
1556.363636,5.42E-124,5.81E-110,4.25E-98,3.21E-87,3.48E-77,5.22E-68,6.21E-60,2.80E-52,1.31E-43,2.52E-36,6.32E-30,2.37E-24,1.12E-19,1.24E-16,9.82E-12,7.55E-08,5.84E-05,0.007417326,0.177110108,0.839244926,0.808059554,0.159135477,0.00636059,5.02E-05,7.36E-08,1.68E-11,2.78E-16,6.23E-21,3.92E-25,1.47E-30,7.72E-37,6.21E-44,6.24E-52,8.46E-62,3.64E-69,5.54E-78,8.59E-88,1.98E-98,6.82E-110,2.33E-122,4.21E-136,1.30E-147,6.88E-161,4.62E-175,4.77E-190,6.96E-206,6.44E-223,1.19E-239,4.00E-256,8.73E-274,2.70E-292,1.303992159281e-311,0,0,0,0,0,0,0,0,0,0,0,0,0,0,0,0,0,0,0,0,0,0,0,0,0,0,0,0,0,0,0,0,0,0,0,0,0,0,0,0,0,0,0,0,0,0,0,0
1556.161616,4.13E-134,6.17E-124,1.04E-109,7.15E-98,5.17E-87,5.37E-77,7.72E-68,8.61E-60,4.27E-52,1.82E-43,3.35E-36,8.11E-30,2.93E-24,1.33E-19,1.29E-16,1.17E-11,8.55E-08,6.40E-05,0.007901762,0.183724189,0.84880677,0.797605477,0.153420544,0.005993123,4.63E-05,6.62E-08,1.48E-11,2.33E-16,5.61E-21,3.35E-25,1.23E-30,6.33E-37,5.00E-44,4.90E-52,5.88E-62,2.90E-69,4.30E-78,6.56E-88,1.50E-98,5.07E-110,1.70E-122,3.39E-136,9.64E-148,5.03E-161,3.35E-175,3.43E-190,4.96E-206,4.49E-223,8.77E-240,2.88E-256,6.24E-274,1.93E-292,9.27645926703e-312,0,0,0,0,0,0,0,0,0,0,0,0,0,0,0,0,0,0,0,0,0,0,0,0,0,0,0,0,0,0,0,0,0,0,0,0,0,0,0,0,0,0,0,0,0,0,0
1555.959596,1.44E-146,7.34E-134,6.15E-124,1.82E-109,1.19E-97,8.22E-87,8.20E-77,1.13E-67,1.18E-59,6.43E-52,2.50E-43,4.42E-36,1.03E-29,3.60E-24,1.57E-19,1.33E-16,1.37E-11,9.64E-08,6.99E-05,0.008397584,0.190287771,0.857846737,0.787352348,0.148044023,0.005656609,4.27E-05,5.98E-08,1.30E-11,1.97E-16,5.06E-21,2.89E-25,1.03E-30,5.23E-37,4.05E-44,3.89E-52,4.11E-62,2.33E-69,3.38E-78,5.08E-88,1.14E-98,3.83E-110,1.26E-122,2.75E-136,7.26E-148,3.74E-161,2.47E-175,2.51E-190,3.60E-206,3.19E-223,6.55E-240,2.11E-256,4.56E-274,1.41E-292,6.755375658506e-312,0,0,0,0,0,0,0,0,0,0,0,0,0,0,0,0,0,0,0,0,0,0,0,0,0,0,0,0,0,0,0,0,0,0,0,0,0,0,0,0,0,0,0,0,0,0
1555.757576,6.08E-160,2.66E-146,1.29E-133,4.90E-124,3.15E-109,1.95E-97,1.29E-86,1.24E-76,1.63E-67,1.61E-59,9.54E-52,3.40E-43,5.77E-36,1.30E-29,4.39E-24,1.85E-19,1.36E-16,1.61E-11,1.08E-07,7.61E-05,0.008903394,0.196785551,0.866377438,0.777323598,0.142989566,0.00534837,3.96E-05,5.42E-08,1.15E-11,1.67E-16,4.57E-21,2.50E-25,8.77E-31,4.35E-37,3.32E-44,3.12E-52,2.90E-62,1.89E-69,2.68E-78,3.98E-88,8.85E-99,2.93E-110,9.43E-123,2.25E-136,5.55E-148,2.83E-161,1.85E-175,1.87E-190,2.67E-206,2.32E-223,4.99E-240,1.58E-256,3.40E-274,1.05E-292,5.03599405682e-312,0,0,0,0,0,0,0,0,0,0,0,0,0,0,0,0,0,0,0,0,0,0,0,0,0,0,0,0,0,0,0,0,0,0,0,0,0,0,0,0,0,0,0,0,0
1555.555556,3.98E-174,1.16E-159,4.83E-146,2.22E-133,2.42E-124,5.35E-109,3.14E-97,2.00E-86,1.84E-76,2.34E-67,2.16E-59,1.39E-51,4.59E-43,7.49E-36,1.63E-29,5.32E-24,2.16E-19,1.37E-16,1.88E-11,1.21E-07,8.26E-05,0.009417678,0.203202483,0.874412566,0.767540418,0.138241566,0.005065982,3.67E-05,4.93E-08,1.03E-11,1.42E-16,4.15E-21,2.17E-25,7.48E-31,3.65E-37,2.74E-44,2.53E-52,2.06E-62,1.55E-69,2.15E-78,3.15E-88,6.94E-99,2.27E-110,7.19E-123,1.85E-136,4.30E-148,2.17E-161,1.41E-175,1.42E-190,2.02E-206,1.72E-223,3.87E-240,1.21E-256,2.60E-274,8.00E-293,3.84323710434e-312,0,0,0,0,0,0,0,0,0,0,0,0,0,0,0,0,0,0,0,0,0,0,0,0,0,0,0,0,0,0,0,0,0,0,0,0,0,0,0,0,0,0,0,0
1555.353535,3.77E-189,7.79E-174,2.17E-159,8.65E-146,3.77E-133,1.05E-125,8.97E-109,5.00E-97,3.06E-86,2.71E-76,3.30E-67,2.87E-59,2.01E-51,6.13E-43,9.63E-36,2.03E-29,6.41E-24,2.50E-19,1.37E-16,2.18E-11,1.35E-07,8.94E-05,0.009938824,0.209523836,0.881966725,0.758021892,0.133785166,0.00480725,3.42E-05,4.50E-08,9.16E-12,1.22E-16,3.78E-21,1.90E-25,6.43E-31,3.09E-37,2.28E-44,2.06E-52,1.47E-62,1.28E-69,1.75E-78,2.53E-88,5.51E-99,1.78E-110,5.56E-123,1.54E-136,3.39E-148,1.70E-161,1.10E-175,1.10E-190,1.55E-206,1.30E-223,3.06E-240,9.45E-257,2.02E-274,6.24E-293,3.002566387076e-312,0,0,0,0,0,0,0,0,0,0,0,0,0,0,0,0,0,0,0,0,0,0,0,0,0,0,0,0,0,0,0,0,0,0,0,0,0,0,0,0,0,0,0
1555.151515,2.67E-205,7.59E-189,1.50E-173,3.99E-159,1.52E-145,6.30E-133,2.91E-124,1.48E-108,7.86E-97,4.62E-86,3.95E-76,4.62E-67,3.78E-59,2.86E-51,8.10E-43,1.23E-35,2.51E-29,7.67E-24,2.89E-19,1.35E-16,2.51E-11,1.49E-07,9.64E-05,0.010465118,0.215735237,0.889055259,0.74878514,0.129606251,0.004570191,3.19E-05,4.13E-08,8.22E-12,1.05E-16,3.45E-21,1.68E-25,5.56E-31,2.63E-37,1.92E-44,1.70E-52,1.06E-62,1.07E-69,1.43E-78,2.05E-88,4.43E-99,1.42E-110,4.37E-123,1.30E-136,2.71E-148,1.35E-161,8.68E-176,8.68E-191,1.22E-206,1.01E-223,2.46E-240,7.53E-257,1.61E-274,4.98E-293,2.40147524536e-312,0,0,0,0,0,0,0,0,0,0,0,0,0,0,0,0,0,0,0,0,0,0,0,0,0,0,0,0,0,0,0,0,0,0,0,0,0,0,0,0,0,0
1554.949495,1.53E-221,5.68E-205,1.50E-188,2.82E-173,7.21E-159,2.64E-145,1.04E-132,2.33E-123,2.40E-108,1.22E-96,6.89E-86,5.68E-76,6.40E-67,4.93E-59,4.01E-51,1.06E-42,1.55E-35,3.07E-29,9.12E-24,3.31E-19,1.32E-16,2.87E-11,1.65E-07,0.000103695,0.010994765,0.221822714,0.89569409,0.739845454,0.125691448,0.004353008,2.99E-05,3.79E-08,7.41E-12,9.09E-17,3.16E-21,1.48E-25,4.84E-31,2.26E-37,1.62E-44,1.42E-52,7.72E-63,9.02E-70,1.19E-78,1.69E-88,3.61E-99,1.15E-110,3.49E-123,1.10E-136,2.20E-148,1.09E-161,6.98E-176,6.96E-191,9.74E-207,7.95E-224,2.02E-240,6.12E-257,1.31E-274,4.06E-293,1.96634459355e-312,0,0,0,0,0,0,0,0,0,0,0,0,0,0,0,0,0,0,0,0,0,0,0,0,0,0,0,0,0,0,0,0,0,0,0,0,0,0,0,0,0
1554.747475,4.12E-237,2.92E-221,1.18E-204,2.91E-188,5.22E-173,1.28E-158,4.50E-145,1.68E-132,8.80E-123,3.85E-108,1.86E-96,1.01E-85,8.07E-76,8.76E-67,6.36E-59,5.56E-51,1.38E-42,1.94E-35,3.74E-29,1.08E-23,3.78E-19,1.27E-16,3.27E-11,1.81E-07,0.000111155,0.011525891,0.227772735,0.901899566,0.731216428,0.122028111,0.004154076,2.80E-05,3.50E-08,6.71E-12,7.92E-17,2.91E-21,1.32E-25,4.25E-31,1.96E-37,1.39E-44,1.20E-52,5.66E-63,7.68E-70,9.99E-79,1.40E-88,2.98E-99,9.43E-111,2.83E-123,9.45E-137,1.82E-148,8.92E-162,5.71E-176,5.69E-191,7.95E-207,6.42E-224,1.69E-240,5.08E-257,1.09E-274,3.39E-293,1.64832368847e-312,0,0,0,0,0,0,0,0,0,0,0,0,0,0,0,0,0,0,0,0,0,0,0,0,0,0,0,0,0,0,0,0,0,0,0,0,0,0,0,0
1554.545455,5.83E-254,8.45E-237,5.46E-221,2.40E-204,5.52E-188,9.50E-173,2.24E-158,7.54E-145,2.69E-132,2.49E-122,6.06E-108,2.80E-96,1.47E-85,1.13E-75,1.19E-66,8.13E-59,7.60E-51,1.77E-42,2.42E-35,4.51E-29,1.26E-23,4.29E-19,1.21E-16,3.71E-11,1.98E-07,0.00011879,0.012056558,0.233572235,0.907688312,0.722910094,0.118604312,0.003971928,2.64E-05,3.24E-08,6.11E-12,6.95E-17,2.69E-21,1.19E-25,3.75E-31,1.71E-37,1.20E-44,1.02E-52,4.19E-63,6.61E-70,8.48E-79,1.18E-88,2.50E-99,7.84E-111,2.33E-123,8.20E-137,1.52E-148,7.44E-162,4.75E-176,4.73E-191,6.61E-207,5.29E-224,1.44E-240,4.31E-257,9.28E-275,2.90E-293,1.41459280032e-312,0,0,0,0,0,0,0,0,0,0,0,0,0,0,0,0,0,0,0,0,0,0,0,0,0,0,0,0,0,0,0,0,0,0,0,0,0,0,0
1554.343434,1.14E-271,1.23E-253,1.70E-236,9.99E-221,4.78E-204,1.03E-187,1.70E-172,3.84E-158,1.24E-144,4.22E-132,6.04E-122,9.40E-108,4.17E-96,2.12E-85,1.57E-75,1.59E-66,1.03E-58,1.03E-50,2.25E-42,2.98E-35,5.41E-29,1.47E-23,4.85E-19,1.14E-16,4.18E-11,2.16E-07,0.000126569,0.012584774,0.239208653,0.913077096,0.71493705,0.115408824,0.003805234,2.49E-05,3.01E-08,5.58E-12,6.14E-17,2.49E-21,1.07E-25,3.34E-31,1.50E-37,1.04E-44,8.74E-53,3.12E-63,5.74E-70,7.28E-79,1.01E-88,2.12E-99,6.62E-111,1.94E-123,7.19E-137,1.29E-148,6.30E-162,4.03E-176,4.01E-191,5.60E-207,4.45E-224,1.25E-240,3.73E-257,8.06E-275,2.53E-293,1.242883857187e-312,0,0,0,0,0,0,0,0,0,0,0,0,0,0,0,0,0,0,0,0,0,0,0,0,0,0,0,0,0,0,0,0,0,0,0,0,0,0
1554.141414,3.41E-290,2.45E-271,2.54E-253,3.35E-236,1.79E-220,9.31E-204,1.88E-187,2.98E-172,6.48E-158,2.02E-144,6.54E-132,1.32E-121,1.44E-107,6.11E-96,3.00E-85,2.16E-75,2.11E-66,1.29E-58,1.37E-50,2.84E-42,3.65E-35,6.44E-29,1.71E-23,5.45E-19,1.05E-16,4.68E-11,2.35E-07,0.000134456,0.013108503,0.244669944,0.9180827,0.707306579,0.112431106,0.003652797,2.36E-05,2.81E-08,5.13E-12,5.45E-17,2.32E-21,9.69E-26,2.99E-31,1.33E-37,9.15E-45,7.58E-53,2.35E-63,5.04E-70,6.31E-79,8.69E-89,1.82E-99,5.66E-111,1.65E-123,6.38E-137,1.12E-148,5.43E-162,3.47E-176,3.46E-191,4.85E-207,3.83E-224,1.10E-240,3.29E-257,7.15E-275,2.26E-293,1.11800378299e-312,0,0,0,0,0,0,0,0,0,0,0,0,0,0,0,0,0,0,0,0,0,0,0,0,0,0,0,0,0,0,0,0,0,0,0,0,0
1553.939394,0.00E+00,7.52E-290,5.18E-271,5.13E-253,6.45E-236,3.14E-220,1.77E-203,3.38E-187,5.13E-172,1.08E-157,3.23E-144,9.99E-132,2.67E-121,2.17E-107,8.84E-96,4.20E-85,2.93E-75,2.77E-66,1.60E-58,1.81E-50,3.55E-42,4.42E-35,7.60E-29,1.96E-23,6.09E-19,9.60E-17,5.21E-11,2.54E-07,0.000142414,0.013625681,0.249944607,0.922721795,0.700026772,0.109661285,0.003513532,2.24E-05,2.63E-08,4.73E-12,4.88E-17,2.16E-21,8.84E-26,2.70E-31,1.19E-37,8.10E-45,6.64E-53,1.79E-63,4.46E-70,5.54E-79,7.59E-89,1.58E-99,4.91E-111,1.42E-123,5.72E-137,9.81E-149,4.76E-162,3.05E-176,3.05E-191,4.27E-207,3.37E-224,9.94E-241,2.97E-257,6.49E-275,2.06E-293,1.02960929165e-312,0,0,0,0,0,0,0,0,0,0,0,0,0,0,0,0,0,0,0,0,0,0,0,0,0,0,0,0,0,0,0,0,0,0,0,0
1553.737374,0,0.00E+00,1.62E-289,1.07E-270,1.02E-252,1.22E-235,5.40E-220,3.31E-203,5.95E-187,8.68E-172,1.75E-157,5.08E-144,1.50E-131,5.09E-121,3.21E-107,1.26E-95,5.80E-85,3.92E-75,3.59E-66,1.97E-58,2.35E-50,4.40E-42,5.32E-35,8.92E-29,2.25E-23,6.77E-19,8.60E-17,5.78E-11,2.74E-07,0.000150404,0.014134229,0.255021696,0.927010836,0.693104638,0.107090136,0.003386464,2.13E-05,2.48E-08,4.39E-12,4.39E-17,2.03E-21,8.12E-26,2.45E-31,1.07E-37,7.24E-45,5.88E-53,1.38E-63,3.99E-70,4.92E-79,6.71E-89,1.40E-99,4.32E-111,1.24E-123,5.19E-137,8.73E-149,4.24E-162,2.72E-176,2.73E-191,3.84E-207,3.02E-224,9.13E-241,2.73E-257,6.01E-275,1.93E-293,9.70778820855e-313,0,0,0,0,0,0,0,0,0,0,0,0,0,0,0,0,0,0,0,0,0,0,0,0,0,0,0,0,0,0,0,0,0,0,0
1553.535354,0,0,0.00E+00,3.41E-289,2.15E-270,1.97E-252,2.26E-235,9.10E-220,6.05E-203,1.03E-186,1.44E-171,2.81E-157,7.85E-144,2.22E-131,9.25E-121,4.70E-107,1.78E-95,7.92E-85,5.20E-75,4.61E-66,2.40E-58,3.03E-50,5.40E-42,6.35E-35,1.04E-28,2.56E-23,7.49E-19,7.57E-17,6.37E-11,2.94E-07,0.000158383,0.014632062,0.259890828,0.930965955,0.686546212,0.104709064,0.003270712,2.03E-05,2.34E-08,4.09E-12,3.98E-17,1.91E-21,7.50E-26,2.24E-31,9.73E-38,6.53E-45,5.26E-53,1.08E-63,3.61E-70,4.42E-79,6.01E-89,1.25E-99,3.86E-111,1.11E-123,4.77E-137,7.90E-149,3.84E-162,2.47E-176,2.49E-191,3.52E-207,2.77E-224,8.54E-241,2.57E-257,5.70E-275,1.84E-293,9.37105239975e-313,0,0,0,0,0,0,0,0,0,0,0,0,0,0,0,0,0,0,0,0,0,0,0,0,0,0,0,0,0,0,0,0,0,0
1553.333333,0,0,0,0.00E+00,7.00E-289,4.25E-270,3.72E-252,4.09E-235,1.50E-219,1.08E-202,1.74E-186,2.35E-171,4.44E-157,1.20E-143,3.24E-131,1.61E-120,6.77E-107,2.47E-95,1.07E-84,6.81E-75,5.86E-66,2.90E-58,3.85E-50,6.57E-42,7.52E-35,1.20E-28,2.89E-23,8.24E-19,6.52E-17,6.99E-11,3.14E-07,0.000166308,0.015117105,0.264542199,0.934602868,0.680356656,0.102510087,0.003165483,1.94E-05,2.21E-08,3.82E-12,3.63E-17,1.81E-21,6.96E-26,2.06E-31,8.91E-38,5.94E-45,4.75E-53,8.55E-64,3.30E-70,4.01E-79,5.45E-89,1.13E-99,3.49E-111,1.00E-123,4.44E-137,7.26E-149,3.53E-162,2.28E-176,2.31E-191,3.29E-207,2.60E-224,8.15E-241,2.47E-257,5.51E-275,1.80E-293,9.2614208427e-313,0,0,0,0,0,0,0,0,0,0,0,0,0,0,0,0,0,0,0,0,0,0,0,0,0,0,0,0,0,0,0,0,0
1553.131313,0,0,0,0,2.98E-308,1.41E-288,8.19E-270,6.90E-252,7.28E-235,2.43E-219,1.89E-202,2.90E-186,3.78E-171,6.88E-157,1.79E-143,4.66E-131,2.72E-120,9.61E-107,3.38E-95,1.42E-84,8.81E-75,7.37E-66,3.47E-58,4.85E-50,7.91E-42,8.83E-35,1.38E-28,3.24E-23,9.02E-19,5.49E-17,7.63E-11,3.35E-07,0.000174134,0.015587304,0.268966582,0.937936787,0.674540355,0.100485811,0.003070067,1.87E-05,2.10E-08,3.60E-12,3.33E-17,1.72E-21,6.51E-26,1.91E-31,8.22E-38,5.45E-45,4.33E-53,6.88E-64,3.04E-70,3.68E-79,5.00E-89,1.04E-99,3.21E-111,9.17E-124,4.17E-137,6.77E-149,3.31E-162,2.15E-176,2.19E-191,3.13E-207,2.49E-224,7.92E-241,2.42E-257,5.46E-275,1.80E-293,9.37105239975e-313,0,0,0,0,0,0,0,0,0,0,0,0,0,0,0,0,0,0,0,0,0,0,0,0,0,0,0,0,0,0,0,0
1552.929293,0,0,0,0,0,6.11E-308,2.76E-288,1.55E-269,1.25E-251,1.27E-234,3.85E-219,3.25E-202,4.73E-186,5.95E-171,1.05E-156,2.64E-143,6.61E-131,4.43E-120,1.34E-106,4.57E-95,1.87E-84,1.13E-74,9.17E-66,4.11E-58,6.03E-50,9.44E-42,1.03E-34,1.57E-28,3.62E-23,9.83E-19,4.50E-17,8.29E-11,3.55E-07,0.000181815,0.016040643,0.273155329,0.940982341,0.669101003,0.09862942,0.002983826,1.80E-05,2.01E-08,3.40E-12,3.08E-17,1.64E-21,6.12E-26,1.79E-31,7.64E-38,5.05E-45,3.99E-53,5.64E-64,2.83E-70,3.42E-79,4.64E-89,9.64E-100,2.99E-111,8.55E-124,3.97E-137,6.41E-149,3.15E-162,2.06E-176,2.11E-191,3.04E-207,2.44E-224,7.85E-241,2.42E-257,5.51E-275,1.84E-293,9.7077882085e-313,0,0,0,0,0,0,0,0,0,0,0,0,0,0,0,0,0,0,0,0,0,0,0,0,0,0,0,0,0,0,0
1552.727273,0,0,0,0,0,0,1.22E-307,5.28E-288,2.85E-269,2.23E-251,2.16E-234,5.98E-219,5.46E-202,7.58E-186,9.21E-171,1.57E-156,3.84E-143,9.22E-131,7.00E-120,1.85E-106,6.10E-95,2.43E-84,1.43E-74,1.13E-65,4.83E-58,7.41E-50,1.12E-41,1.19E-34,1.78E-28,4.02E-23,1.07E-18,3.58E-17,8.96E-11,3.76E-07,0.000189303,0.016475152,0.277100376,0.943753507,0.664041692,0.096934649,0.002906189,1.74E-05,1.92E-08,3.23E-12,2.86E-17,1.57E-21,5.79E-26,1.68E-31,7.16E-38,4.72E-45,3.72E-53,4.72E-64,2.67E-70,3.21E-79,4.36E-89,9.09E-100,2.82E-111,8.09E-124,3.83E-137,6.17E-149,3.05E-162,2.00E-176,2.07E-191,3.01E-207,2.44E-224,7.92E-241,2.47E-257,5.70E-275,1.93E-293,1.02960929165e-312,0,0,0,0,0,0,0,0,0,0,0,0,0,0,0,0,0,0,0,0,0,0,0,0,0,0,0,0,0,0
1552.525253,0,0,0,0,0,0,0,2.39E-307,9.89E-288,5.14E-269,3.87E-251,3.62E-234,9.09E-219,8.98E-202,1.19E-185,1.40E-170,2.32E-156,5.49E-143,1.27E-130,1.08E-119,2.52E-106,8.04E-95,3.11E-84,1.79E-74,1.38E-65,5.62E-58,9.02E-50,1.31E-41,1.36E-34,2.00E-28,4.43E-23,1.15E-18,2.74E-17,9.63E-11,3.96E-07,0.000196553,0.016888924,0.280794236,0.946263542,0.65936498,0.095395774,0.002836648,1.68E-05,1.85E-08,3.08E-12,2.68E-17,1.51E-21,5.51E-26,1.59E-31,6.77E-38,4.45E-45,3.50E-53,4.03E-64,2.53E-70,3.05E-79,4.15E-89,8.67E-100,2.70E-111,7.78E-124,3.74E-137,6.03E-149,3.00E-162,1.99E-176,2.07E-191,3.04E-207,2.49E-224,8.15E-241,2.57E-257,6.01E-275,2.06E-293,1.11800378299e-312,0,0,0,0,0,0,0,0,0,0,0,0,0,0,0,0,0,0,0,0,0,0,0,0,0,0,0,0,0
1552.323232,0,0,0,0,0,0,0,0,4.56E-307,1.81E-287,9.07E-269,6.60E-251,5.93E-234,1.36E-218,1.45E-201,1.84E-185,2.09E-170,3.36E-156,7.72E-143,1.72E-130,1.62E-119,3.37E-106,1.04E-94,3.94E-84,2.21E-74,1.66E-65,6.49E-58,1.08E-49,1.52E-41,1.55E-34,2.23E-28,4.86E-23,1.23E-18,2.01E-17,1.03E-10,4.16E-07,0.000203518,0.017280122,0.284229997,0.948524926,0.655072969,0.094007592,0.002774752,1.63E-05,1.78E-08,2.95E-12,2.53E-17,1.46E-21,5.28E-26,1.52E-31,6.45E-38,4.24E-45,3.32E-53,3.54E-64,2.43E-70,2.94E-79,4.00E-89,8.39E-100,2.63E-111,7.60E-124,3.69E-137,5.98E-149,3.00E-162,2.00E-176,2.11E-191,3.13E-207,2.60E-224,8.54E-241,2.73E-257,6.49E-275,2.26E-293,1.242883857187e-312,0,0,0,0,0,0,0,0,0,0,0,0,0,0,0,0,0,0,0,0,0,0,0,0,0,0,0,0
1552.121212,0,0,0,0,0,0,0,0,0,8.48E-307,3.24E-287,1.57E-268,1.10E-250,9.52E-234,1.99E-218,2.29E-201,2.78E-185,3.07E-170,4.79E-156,1.07E-142,2.30E-130,2.37E-119,4.45E-106,1.34E-94,4.93E-84,2.70E-74,1.98E-65,7.42E-58,1.29E-49,1.75E-41,1.75E-34,2.48E-28,5.29E-23,1.32E-18,1.39E-17,1.10E-10,4.35E-07,0.000210152,0.017646996,0.287401315,0.950549312,0.651167364,0.092765404,0.002720105,1.59E-05,1.73E-08,2.85E-12,2.41E-17,1.42E-21,5.09E-26,1.46E-31,6.19E-38,4.07E-45,3.19E-53,3.18E-64,2.36E-70,2.85E-79,3.91E-89,8.23E-100,2.59E-111,7.54E-124,3.69E-137,6.03E-149,3.05E-162,2.06E-176,2.19E-191,3.29E-207,2.77E-224,9.13E-241,2.97E-257,7.15E-275,2.53E-293,1.41459280032e-312,0,0,0,0,0,0,0,0,0,0,0,0,0,0,0,0,0,0,0,0,0,0,0,0,0,0,0
1551.919192,0,0,0,0,0,0,0,0,0,0,1.54E-306,5.65E-287,2.64E-268,1.80E-250,1.50E-233,2.85E-218,3.54E-201,4.14E-185,4.42E-170,6.71E-156,1.46E-142,3.03E-130,3.38E-119,5.78E-106,1.69E-94,6.10E-84,3.27E-74,2.34E-65,8.42E-58,1.52E-49,2.00E-41,1.96E-34,2.73E-28,5.73E-23,1.40E-18,8.85E-18,1.16E-10,4.53E-07,0.000216411,0.017987891,0.290302413,0.952347477,0.647649536,0.091665007,0.002672358,1.56E-05,1.68E-08,2.76E-12,2.30E-17,1.38E-21,4.93E-26,1.42E-31,6.00E-38,3.94E-45,3.09E-53,2.95E-64,2.31E-70,2.80E-79,3.86E-89,8.17E-100,2.59E-111,7.60E-124,3.74E-137,6.17E-149,3.15E-162,2.15E-176,2.31E-191,3.52E-207,3.02E-224,9.94E-241,3.29E-257,8.06E-275,2.90E-293,1.64832368847e-312,0,0,0,0,0,0,0,0,0,0,0,0,0,0,0,0,0,0,0,0,0,0,0,0,0,0
1551.717172,0,0,0,0,0,0,0,0,0,0,0,2.73E-306,9.65E-287,4.36E-268,2.87E-250,2.31E-233,4.01E-218,5.37E-201,6.04E-185,6.27E-170,9.26E-156,1.95E-142,3.93E-130,4.73E-119,7.42E-106,2.12E-94,7.45E-84,3.91E-74,2.74E-65,9.47E-58,1.77E-49,2.26E-41,2.18E-34,2.98E-28,6.17E-23,1.48E-18,5.03E-18,1.22E-10,4.71E-07,0.000222252,0.018301258,0.292928066,0.953929285,0.644520572,0.090702673,0.00263121,1.53E-05,1.64E-08,2.68E-12,2.22E-17,1.35E-21,4.81E-26,1.38E-31,5.85E-38,3.85E-45,3.03E-53,2.81E-64,2.29E-70,2.79E-79,3.86E-89,8.23E-100,2.63E-111,7.78E-124,3.83E-137,6.41E-149,3.31E-162,2.28E-176,2.49E-191,3.84E-207,3.37E-224,1.10E-240,3.73E-257,9.28E-275,3.39E-293,1.96634459355e-312,0,0,0,0,0,0,0,0,0,0,0,0,0,0,0,0,0,0,0,0,0,0,0,0,0
1551.515152,0,0,0,0,0,0,0,0,0,0,0,0,4.73E-306,1.61E-286,7.05E-268,4.49E-250,3.50E-233,5.53E-218,7.98E-201,8.64E-185,8.72E-170,1.26E-155,2.58E-142,5.02E-130,6.48E-119,9.37E-106,2.61E-94,8.98E-84,4.62E-74,3.17E-65,1.06E-57,2.04E-49,2.54E-41,2.40E-34,3.24E-28,6.60E-23,1.56E-18,2.36E-18,1.28E-10,4.87E-07,0.000227635,0.018585665,0.295273602,0.955303648,0.641781321,0.089875144,0.002596403,1.50E-05,1.61E-08,2.62E-12,2.16E-17,1.33E-21,4.73E-26,1.36E-31,5.76E-38,3.80E-45,3.00E-53,2.77E-64,2.29E-70,2.80E-79,3.91E-89,8.39E-100,2.70E-111,8.09E-124,3.97E-137,6.77E-149,3.53E-162,2.47E-176,2.73E-191,4.27E-207,3.83E-224,1.25E-240,4.31E-257,1.09E-274,4.06E-293,2.401475245357e-312,0,0,0,0,0,0,0,0,0,0,0,0,0,0,0,0,0,0,0,0,0,0,0,0
1551.313131,0,0,0,0,0,0,0,0,0,0,0,0,0,7.98E-306,2.63E-286,1.11E-267,6.89E-250,5.18E-233,7.49E-218,1.16E-200,1.21E-184,1.19E-169,1.67E-155,3.36E-142,6.34E-130,8.69E-119,1.17E-105,3.17E-94,1.07E-83,5.40E-74,3.63E-65,1.17E-57,2.32E-49,2.82E-41,2.62E-34,3.49E-28,7.02E-23,1.63E-18,7.53E-19,1.34E-10,5.02E-07,0.000232523,0.018839804,0.297334888,0.956478498,0.639432437,0.089179615,0.00256772,1.48E-05,1.59E-08,2.58E-12,2.11E-17,1.32E-21,4.67E-26,1.34E-31,5.71E-38,3.78E-45,3.00E-53,2.81E-64,2.31E-70,2.85E-79,4.00E-89,8.67E-100,2.82E-111,8.55E-124,4.17E-137,7.26E-149,3.84E-162,2.72E-176,3.05E-191,4.85E-207,4.45E-224,1.44E-240,5.08E-257,1.31E-274,4.98E-293,3.002566387076e-312,0,0,0,0,0,0,0,0,0,0,0,0,0,0,0,0,0,0,0,0,0,0,0
1551.111111,0,0,0,0,0,0,0,0,0,0,0,0,0,0,1.32E-305,4.19E-286,1.72E-267,1.03E-249,7.53E-233,9.96E-218,1.66E-200,1.68E-184,1.60E-169,2.20E-155,4.30E-142,7.88E-130,1.14E-118,1.43E-105,3.81E-94,1.26E-83,6.24E-74,4.12E-65,1.28E-57,2.62E-49,3.10E-41,2.85E-34,3.74E-28,7.43E-23,1.71E-18,5.87E-20,1.39E-10,5.15E-07,0.00023688,0.019062502,0.299108327,0.957460759,0.637474418,0.08861373,0.002544982,1.46E-05,1.57E-08,2.55E-12,2.08E-17,1.31E-21,4.64E-26,1.34E-31,5.71E-38,3.80E-45,3.03E-53,2.95E-64,2.36E-70,2.94E-79,4.15E-89,9.09E-100,2.99E-111,9.17E-124,4.44E-137,7.90E-149,4.24E-162,3.05E-176,3.46E-191,5.60E-207,5.29E-224,1.69E-240,6.12E-257,1.61E-274,6.24E-293,3.84323710434e-312,0,0,0,0,0,0,0,0,0,0,0,0,0,0,0,0,0,0,0,0,0,0
1550.909091,0,0,0,0,0,0,0,0,0,0,0,0,0,0,0,2.12E-305,6.52E-286,2.60E-267,1.52E-249,1.07E-232,1.30E-217,2.32E-200,2.27E-184,2.12E-169,2.83E-155,5.42E-142,9.65E-130,1.47E-118,1.74E-105,4.51E-94,1.47E-83,7.13E-74,4.62E-65,1.40E-57,2.92E-49,3.39E-41,3.06E-34,3.97E-28,7.81E-23,1.77E-18,1.10E-19,1.44E-10,5.28E-07,0.000240675,0.019252726,0.30059085,0.958256326,0.635907628,0.088175574,0.00252805,1.45E-05,1.56E-08,2.53E-12,2.07E-17,1.31E-21,4.64E-26,1.34E-31,5.76E-38,3.85E-45,3.09E-53,3.18E-64,2.43E-70,3.05E-79,4.36E-89,9.64E-100,3.21E-111,1.00E-123,4.77E-137,8.73E-149,4.76E-162,3.47E-176,4.01E-191,6.61E-207,6.42E-224,2.02E-240,7.53E-257,2.02E-274,8.00E-293,5.03599405682e-312,0,0,0,0,0,0,0,0,0,0,0,0,0,0,0,0,0,0,0,0,0
1550.707071,0,0,0,0,0,0,0,0,0,0,0,0,0,0,0,0,3.33E-305,9.92E-286,3.85E-267,2.18E-249,1.50E-232,1.67E-217,3.18E-200,3.02E-184,2.75E-169,3.60E-155,6.73E-142,1.17E-129,1.86E-118,2.07E-105,5.27E-94,1.68E-83,8.06E-74,5.14E-65,1.51E-57,3.22E-49,3.67E-41,3.27E-34,4.20E-28,8.16E-23,1.83E-18,7.13E-19,1.48E-10,5.38E-07,0.000243882,0.019409591,0.30177991,0.958870046,0.634732331,0.08786366,0.002516819,1.45E-05,1.55E-08,2.52E-12,2.07E-17,1.31E-21,4.67E-26,1.36E-31,5.85E-38,3.94E-45,3.19E-53,3.54E-64,2.53E-70,3.21E-79,4.64E-89,1.04E-99,3.49E-111,1.11E-123,5.19E-137,9.81E-149,5.43E-162,4.03E-176,4.73E-191,7.95E-207,7.95E-224,2.46E-240,9.45E-257,2.60E-274,1.05E-292,6.755375658506e-312,0,0,0,0,0,0,0,0,0,0,0,0,0,0,0,0,0,0,0,0
1550.505051,0,0,0,0,0,0,0,0,0,0,0,0,0,0,0,0,0,5.11E-305,1.48E-285,5.58E-267,3.08E-249,2.05E-232,2.10E-217,4.28E-200,3.93E-184,3.50E-169,4.49E-155,8.22E-142,1.39E-129,2.30E-118,2.44E-105,6.08E-94,1.91E-83,9.01E-74,5.66E-65,1.62E-57,3.52E-49,3.93E-41,3.47E-34,4.40E-28,8.48E-23,1.88E-18,1.67E-18,1.52E-10,5.47E-07,0.000246476,0.019532365,0.302673476,0.959305705,0.633948708,0.087676934,0.002511221,1.44E-05,1.55E-08,2.53E-12,2.08E-17,1.32E-21,4.73E-26,1.38E-31,6.00E-38,4.07E-45,3.32E-53,4.03E-64,2.67E-70,3.42E-79,5.00E-89,1.13E-99,3.86E-111,1.24E-123,5.72E-137,1.12E-148,6.30E-162,4.75E-176,5.69E-191,9.74E-207,1.01E-223,3.06E-240,1.21E-256,3.40E-274,1.41E-292,9.27645926703e-312,0,0,0,0,0,0,0,0,0,0,0,0,0,0,0,0,0,0,0
1550.30303,0,0,0,0,0,0,0,0,0,0,0,0,0,0,0,0,0,0,7.65E-305,2.15E-285,7.90E-267,4.25E-249,2.76E-232,2.60E-217,5.64E-200,5.04E-184,4.39E-169,5.51E-155,9.90E-142,1.63E-129,2.80E-118,2.83E-105,6.93E-94,2.14E-83,9.96E-74,6.16E-65,1.72E-57,3.80E-49,4.18E-41,3.65E-34,4.58E-28,8.76E-23,1.92E-18,2.77E-18,1.55E-10,5.54E-07,0.000248438,0.019620474,0.303270028,0.959566014,0.63355687,0.087614762,0.002511221,1.45E-05,1.56E-08,2.55E-12,2.11E-17,1.33E-21,4.81E-26,1.42E-31,6.19E-38,4.24E-45,3.50E-53,4.72E-64,2.83E-70,3.68E-79,5.45E-89,1.25E-99,4.32E-111,1.42E-123,6.38E-137,1.29E-148,7.44E-162,5.71E-176,6.96E-191,1.22E-206,1.30E-223,3.87E-240,1.58E-256,4.56E-274,1.93E-292,1.303992159281e-311,0,0,0,0,0,0,0,0,0,0,0,0,0,0,0,0,0,0
1550.10101,0,0,0,0,0,0,0,0,0,0,0,0,0,0,0,0,0,0,0,1.12E-304,3.05E-285,1.09E-266,5.74E-249,3.63E-232,3.16E-217,7.29E-200,6.34E-184,5.41E-169,6.66E-155,1.17E-141,1.89E-129,3.35E-118,3.23E-105,7.79E-94,2.38E-83,1.09E-73,6.64E-65,1.81E-57,4.07E-49,4.41E-41,3.81E-34,4.74E-28,8.99E-23,1.96E-18,3.85E-18,1.57E-10,5.58E-07,0.000249755,0.019673505,0.303568557,0.959652602,0.63355687,0.087676934,0.002516819,1.45E-05,1.57E-08,2.58E-12,2.16E-17,1.35E-21,4.93E-26,1.46E-31,6.45E-38,4.45E-45,3.72E-53,5.64E-64,3.04E-70,4.01E-79,6.01E-89,1.40E-99,4.91E-111,1.65E-123,7.19E-137,1.52E-148,8.92E-162,6.98E-176,8.68E-191,1.55E-206,1.72E-223,4.99E-240,2.11E-256,6.24E-274,2.70E-292,1.8763707902425e-311,0,0,0,0,0,0,0,0,0,0,0,0,0,0,0,0,0
1549.89899,0,0,0,0,0,0,0,0,0,0,0,0,0,0,0,0,0,0,0,0,1.60E-304,4.24E-285,1.48E-266,7.60E-249,4.68E-232,3.79E-217,9.23E-200,7.83E-184,6.54E-169,7.91E-155,1.37E-141,2.16E-129,3.93E-118,3.65E-105,8.64E-94,2.60E-83,1.18E-73,7.09E-65,1.90E-57,4.31E-49,4.60E-41,3.94E-34,4.88E-28,9.18E-23,1.99E-18,4.74E-18,1.58E-10,5.61E-07,0.000250415,0.01969121,0.303568557,0.959566014,0.633948708,0.08786366,0.00252805,1.46E-05,1.59E-08,2.62E-12,2.22E-17,1.38E-21,5.09E-26,1.52E-31,6.77E-38,4.72E-45,3.99E-53,6.88E-64,3.30E-70,4.42E-79,6.71E-89,1.58E-99,5.66E-111,1.94E-123,8.20E-137,1.82E-148,1.09E-161,8.68E-176,1.10E-190,2.02E-206,2.32E-223,6.55E-240,2.88E-256,8.73E-274,3.88E-292,2.763780983132e-311,0,0,0,0,0,0,0,0,0,0,0,0,0,0,0,0
1549.69697,0,0,0,0,0,0,0,0,0,0,0,0,0,0,0,0,0,0,0,0,0,2.23E-304,5.76E-285,1.97E-266,9.85E-249,5.92E-232,4.46E-217,1.15E-199,9.49E-184,7.78E-169,9.24E-155,1.57E-141,2.43E-129,4.52E-118,4.05E-105,9.47E-94,2.81E-83,1.26E-73,7.49E-65,1.97E-57,4.51E-49,4.77E-41,4.05E-34,4.98E-28,9.31E-23,2.01E-18,5.32E-18,1.59E-10,5.62E-07,0.000250415,0.019673505,0.303270028,0.959305705,0.634732331,0.088175574,0.002544982,1.48E-05,1.61E-08,2.68E-12,2.30E-17,1.42E-21,5.28E-26,1.59E-31,7.16E-38,5.05E-45,4.33E-53,8.55E-64,3.61E-70,4.92E-79,7.59E-89,1.82E-99,6.62E-111,2.33E-123,9.45E-137,2.20E-148,1.35E-161,1.10E-175,1.42E-190,2.67E-206,3.19E-223,8.77E-240,4.00E-256,1.25E-273,5.69E-292,4.1669624188277e-311,0,0,0,0,0,0,0,0,0,0,0,0,0,0,0
1549.494949,0,0,0,0,0,0,0,0,0,0,0,0,0,0,0,0,0,0,0,0,0,0,3.03E-304,7.64E-285,2.55E-266,1.25E-248,7.35E-232,5.17E-217,1.40E-199,1.13E-183,9.10E-169,1.06E-154,1.78E-141,2.70E-129,5.11E-118,4.44E-105,1.02E-93,3.01E-83,1.33E-73,7.84E-65,2.03E-57,4.68E-49,4.90E-41,4.13E-34,5.04E-28,9.39E-23,2.02E-18,5.52E-18,1.59E-10,5.61E-07,0.000249755,0.019620474,0.302673476,0.958870046,0.635907628,0.08861373,0.00256772,1.50E-05,1.64E-08,2.76E-12,2.41E-17,1.46E-21,5.51E-26,1.68E-31,7.64E-38,5.45E-45,4.75E-53,1.08E-63,3.99E-70,5.54E-79,8.69E-89,2.12E-99,7.84E-111,2.83E-123,1.10E-136,2.71E-148,1.70E-161,1.41E-175,1.87E-190,3.60E-206,4.49E-223,1.19E-239,5.68E-256,1.82E-273,8.54E-292,6.4306615762804e-311,0,0,0,0,0,0,0,0,0,0,0,0,0,0
1549.292929,0,0,0,0,0,0,0,0,0,0,0,0,0,0,0,0,0,0,0,0,0,0,0,4.03E-304,9.92E-285,3.24E-266,1.56E-248,8.94E-232,5.90E-217,1.67E-199,1.32E-183,1.05E-168,1.20E-154,1.98E-141,2.96E-129,5.68E-118,4.80E-105,1.09E-93,3.17E-83,1.39E-73,8.12E-65,2.08E-57,4.80E-49,4.98E-41,4.18E-34,5.08E-28,9.42E-23,2.02E-18,5.32E-18,1.58E-10,5.58E-07,0.000248438,0.019532365,0.30177991,0.958256326,0.637474418,0.089179615,0.002596403,1.53E-05,1.68E-08,2.85E-12,2.53E-17,1.51E-21,5.79E-26,1.79E-31,8.22E-38,5.94E-45,5.26E-53,1.38E-63,4.46E-70,6.31E-79,1.01E-88,2.50E-99,9.43E-111,3.49E-123,1.30E-136,3.39E-148,2.17E-161,1.85E-175,2.51E-190,4.96E-206,6.44E-223,1.66E-239,8.23E-256,2.71E-273,1.31E-291,1.0157816061142e-310,0,0,0,0,0,0,0,0,0,0,0,0,0
1549.090909,0,0,0,0,0,0,0,0,0,0,0,0,0,0,0,0,0,0,0,0,0,0,0,0,5.23E-304,1.26E-284,4.03E-266,1.89E-248,1.07E-231,6.63E-217,1.95E-199,1.51E-183,1.18E-168,1.34E-154,2.17E-141,3.19E-129,6.20E-118,5.12E-105,1.15E-93,3.31E-83,1.44E-73,8.33E-65,2.11E-57,4.88E-49,5.03E-41,4.19E-34,5.08E-28,9.39E-23,2.01E-18,4.74E-18,1.57E-10,5.54E-07,0.000246476,0.019409591,0.30059085,0.957460759,0.639432437,0.089875144,0.00263121,1.56E-05,1.73E-08,2.95E-12,2.68E-17,1.57E-21,6.12E-26,1.91E-31,8.91E-38,6.53E-45,5.88E-53,1.79E-63,5.04E-70,7.28E-79,1.18E-88,2.98E-99,1.15E-110,4.37E-123,1.54E-136,4.30E-148,2.83E-161,2.47E-175,3.43E-190,6.96E-206,9.44E-223,2.34E-239,1.22E-255,4.14E-273,2.05E-291,1.64225864155414e-310,0,0,0,0,0,0,0,0,0,0,0,0
1548.888889,0,0,0,0,0,0,0,0,0,0,0,0,0,0,0,0,0,0,0,0,0,0,0,0,0,6.63E-304,1.56E-284,4.89E-266,2.26E-248,1.25E-231,7.34E-217,2.24E-199,1.71E-183,1.31E-168,1.46E-154,2.34E-141,3.40E-129,6.65E-118,5.37E-105,1.20E-93,3.41E-83,1.47E-73,8.45E-65,2.12E-57,4.90E-49,5.03E-41,4.18E-34,5.04E-28,9.31E-23,1.99E-18,3.85E-18,1.55E-10,5.47E-07,0.000243882,0.019252726,0.299108327,0.956478498,0.641781321,0.090702673,0.002672358,1.59E-05,1.78E-08,3.08E-12,2.86E-17,1.64E-21,6.51E-26,2.06E-31,9.73E-38,7.24E-45,6.64E-53,2.35E-63,5.74E-70,8.48E-79,1.40E-88,3.61E-99,1.42E-110,5.56E-123,1.85E-136,5.55E-148,3.74E-161,3.35E-175,4.77E-190,9.95E-206,1.41E-222,3.37E-239,1.84E-255,6.44E-273,3.30E-291,2.71748147030734e-310,0,0,0,0,0,0,0,0,0,0,0
1548.686869,0,0,0,0,0,0,0,0,0,0,0,0,0,0,0,0,0,0,0,0,0,0,0,0,0,0,8.21E-304,1.89E-284,5.82E-266,2.64E-248,1.43E-231,8.01E-217,2.52E-199,1.89E-183,1.43E-168,1.57E-154,2.49E-141,3.57E-129,7.01E-118,5.57E-105,1.23E-93,3.47E-83,1.49E-73,8.50E-65,2.12E-57,4.88E-49,4.98E-41,4.13E-34,4.98E-28,9.18E-23,1.96E-18,2.77E-18,1.52E-10,5.38E-07,0.000240675,0.019062502,0.297334888,0.955303648,0.644520572,0.091665007,0.002720105,1.63E-05,1.85E-08,3.23E-12,3.08E-17,1.72E-21,6.96E-26,2.24E-31,1.07E-37,8.10E-45,7.58E-53,3.12E-63,6.61E-70,9.99E-79,1.69E-88,4.43E-99,1.78E-110,7.19E-123,2.25E-136,7.26E-148,5.03E-161,4.62E-175,6.76E-190,1.45E-205,2.16E-222,4.93E-239,2.83E-255,1.02E-272,5.41E-291,4.6021646697156e-310,0,0,0,0,0,0,0,0,0,0
1548.484848,0,0,0,0,0,0,0,0,0,0,0,0,0,0,0,0,0,0,0,0,0,0,0,0,0,0,0,9.92E-304,2.24E-284,6.78E-266,3.02E-248,1.61E-231,8.62E-217,2.78E-199,2.05E-183,1.53E-168,1.67E-154,2.61E-141,3.69E-129,7.26E-118,5.69E-105,1.24E-93,3.49E-83,1.49E-73,8.45E-65,2.11E-57,4.80E-49,4.90E-41,4.05E-34,4.88E-28,8.99E-23,1.92E-18,1.67E-18,1.48E-10,5.28E-07,0.00023688,0.018839804,0.295273602,0.953929285,0.647649536,0.092765404,0.002774752,1.68E-05,1.92E-08,3.40E-12,3.33E-17,1.81E-21,7.50E-26,2.45E-31,1.19E-37,9.15E-45,8.74E-53,4.19E-63,7.68E-70,1.19E-78,2.05E-88,5.51E-99,2.27E-110,9.43E-123,2.75E-136,9.64E-148,6.88E-161,6.48E-175,9.74E-190,2.15E-205,3.36E-222,7.35E-239,4.44E-255,1.66E-272,9.07E-291,7.97653640819317e-310,0,0,0,0,0,0,0,0,0
1548.282828,0,0,0,0,0,0,0,0,0,0,0,0,0,0,0,0,0,0,0,0,0,0,0,0,0,0,0,5e-324,1.17E-303,2.60E-284,7.72E-266,3.38E-248,1.77E-231,9.15E-217,3.00E-199,2.18E-183,1.61E-168,1.74E-154,2.69E-141,3.77E-129,7.39E-118,5.73E-105,1.24E-93,3.47E-83,1.47E-73,8.33E-65,2.08E-57,4.68E-49,4.77E-41,3.94E-34,4.74E-28,8.76E-23,1.88E-18,7.13E-19,1.44E-10,5.15E-07,0.000232523,0.018585665,0.292928066,0.952347477,0.651167364,0.094007592,0.002836648,1.74E-05,2.01E-08,3.60E-12,3.63E-17,1.91E-21,8.12E-26,2.70E-31,1.33E-37,1.04E-44,1.02E-52,5.66E-63,9.02E-70,1.43E-78,2.53E-88,6.94E-99,2.93E-110,1.26E-122,3.39E-136,1.30E-147,9.56E-161,9.25E-175,1.43E-189,3.26E-205,5.35E-222,1.11E-238,7.13E-255,2.76E-272,1.55E-290,0.00E+00,0,0,0,0,0,0,0,0
1548.080808,0,0,0,0,0,0,0,0,0,0,0,0,0,0,0,0,0,0,0,0,0,0,0,0,0,0,0,0,5e-324,1.35E-303,2.94E-284,8.60E-266,3.72E-248,1.92E-231,9.58E-217,3.19E-199,2.29E-183,1.67E-168,1.78E-154,2.73E-141,3.80E-129,7.39E-118,5.69E-105,1.23E-93,3.41E-83,1.44E-73,8.12E-65,2.03E-57,4.51E-49,4.60E-41,3.81E-34,4.58E-28,8.48E-23,1.83E-18,1.10E-19,1.39E-10,5.02E-07,0.000227635,0.018301258,0.290302413,0.950549312,0.655072969,0.095395774,0.002906189,1.80E-05,2.10E-08,3.82E-12,3.98E-17,2.03E-21,8.84E-26,2.99E-31,1.50E-37,1.20E-44,1.20E-52,7.72E-63,1.07E-69,1.75E-78,3.15E-88,8.85E-99,3.83E-110,1.70E-122,4.21E-136,1.78E-147,1.35E-160,1.34E-174,2.14E-189,5.03E-205,8.68E-222,1.72E-238,1.17E-254,4.68E-272,2.73E-290,0.00E+00,0,0,0,0,0,0,0
1547.878788,0,0,0,0,0,0,0,0,0,0,0,0,0,0,0,0,0,0,0,0,0,0,0,0,0,0,0,0,0,5e-324,1.52E-303,3.26E-284,9.38E-266,3.99E-248,2.03E-231,9.90E-217,3.31E-199,2.35E-183,1.70E-168,1.79E-154,2.73E-141,3.77E-129,7.26E-118,5.57E-105,1.20E-93,3.31E-83,1.39E-73,7.84E-65,1.97E-57,4.31E-49,4.41E-41,3.65E-34,4.40E-28,8.16E-23,1.77E-18,5.87E-20,1.34E-10,4.87E-07,0.000222252,0.017987891,0.287401315,0.948524926,0.65936498,0.096934649,0.002983826,1.87E-05,2.21E-08,4.09E-12,4.39E-17,2.16E-21,9.69E-26,3.34E-31,1.71E-37,1.39E-44,1.42E-52,1.06E-62,1.28E-69,2.15E-78,3.98E-88,1.14E-98,5.07E-110,2.33E-122,5.26E-136,2.47E-147,1.94E-160,1.99E-174,3.26E-189,7.92E-205,1.44E-221,2.70E-238,1.95E-254,8.11E-272,4.89E-290,0.00E+00,0,0,0,0,0,0
1547.676768,0,0,0,0,0,0,0,0,0,0,0,0,0,0,0,0,0,0,0,0,0,0,0,0,0,0,0,0,0,0,5e-324,1.67E-303,3.52E-284,1.00E-265,4.21E-248,2.11E-231,1.01E-216,3.38E-199,2.37E-183,1.70E-168,1.78E-154,2.69E-141,3.69E-129,7.01E-118,5.37E-105,1.15E-93,3.17E-83,1.33E-73,7.49E-65,1.90E-57,4.07E-49,4.18E-41,3.47E-34,4.20E-28,7.81E-23,1.71E-18,7.53E-19,1.28E-10,4.71E-07,0.000216411,0.017646996,0.284229997,0.946263542,0.664041692,0.09862942,0.003070067,1.94E-05,2.34E-08,4.39E-12,4.88E-17,2.32E-21,1.07E-25,3.75E-31,1.96E-37,1.62E-44,1.70E-52,1.47E-62,1.55E-69,2.68E-78,5.08E-88,1.50E-98,6.82E-110,3.25E-122,6.61E-136,3.49E-147,2.83E-160,2.98E-174,5.05E-189,1.27E-204,2.43E-221,4.31E-238,3.32E-254,1.43E-271,8.96E-290,0.00E+00,0,0,0,0,0
1547.474747,0,0,0,0,0,0,0,0,0,0,0,0,0,0,0,0,0,0,0,0,0,0,0,0,0,0,0,0,0,0,0,5e-324,1.79E-303,3.73E-284,1.05E-265,4.34E-248,2.16E-231,1.02E-216,3.38E-199,2.35E-183,1.67E-168,1.74E-154,2.61E-141,3.57E-129,6.65E-118,5.12E-105,1.09E-93,3.01E-83,1.26E-73,7.09E-65,1.81E-57,3.80E-49,3.93E-41,3.27E-34,3.97E-28,7.43E-23,1.63E-18,2.36E-18,1.22E-10,4.53E-07,0.000210152,0.017280122,0.280794236,0.943753507,0.669101003,0.100485811,0.003165483,2.03E-05,2.48E-08,4.73E-12,5.45E-17,2.49E-21,1.19E-25,4.25E-31,2.26E-37,1.92E-44,2.06E-52,2.06E-62,1.89E-69,3.38E-78,6.56E-88,1.98E-98,9.30E-110,4.60E-122,8.33E-136,5.00E-147,4.19E-160,4.56E-174,7.96E-189,2.07E-204,4.19E-221,7.01E-238,5.77E-254,2.59E-271,1.68E-289,0.00E+00,0,0,0,0
1547.272727,0,0,0,0,0,0,0,0,0,0,0,0,0,0,0,0,0,0,0,0,0,0,0,0,0,0,0,0,0,0,0,0,5e-324,1.88E-303,3.86E-284,1.07E-265,4.39E-248,2.16E-231,1.01E-216,3.31E-199,2.29E-183,1.61E-168,1.67E-154,2.49E-141,3.40E-129,6.20E-118,4.80E-105,1.02E-93,2.81E-83,1.18E-73,6.64E-65,1.72E-57,3.52E-49,3.67E-41,3.06E-34,3.74E-28,7.02E-23,1.56E-18,5.03E-18,1.16E-10,4.35E-07,0.000203518,0.016888924,0.277100376,0.940982341,0.674540355,0.102510087,0.003270712,2.13E-05,2.63E-08,5.13E-12,6.14E-17,2.69E-21,1.32E-25,4.84E-31,2.63E-37,2.28E-44,2.53E-52,2.90E-62,2.33E-69,4.30E-78,8.59E-88,2.67E-98,1.29E-109,6.61E-122,1.05E-135,7.26E-147,6.31E-160,7.10E-174,1.28E-188,3.45E-204,7.37E-221,1.16E-237,1.02E-253,4.78E-271,3.21E-289,3.51E-308,0,0,0
1547.070707,0,0,0,0,0,0,0,0,0,0,0,0,0,0,0,0,0,0,0,0,0,0,0,0,0,0,0,0,0,0,0,0,0,5e-324,1.93E-303,3.90E-284,1.07E-265,4.34E-248,2.11E-231,9.90E-217,3.19E-199,2.18E-183,1.53E-168,1.57E-154,2.34E-141,3.19E-129,5.68E-118,4.44E-105,9.47E-94,2.60E-83,1.09E-73,6.16E-65,1.62E-57,3.22E-49,3.39E-41,2.85E-34,3.49E-28,6.60E-23,1.48E-18,8.85E-18,1.10E-10,4.16E-07,0.000196553,0.016475152,0.273155329,0.937936787,0.680356656,0.104709064,0.003386464,2.24E-05,2.81E-08,5.58E-12,6.95E-17,2.91E-21,1.48E-25,5.56E-31,3.09E-37,2.74E-44,3.12E-52,4.11E-62,2.90E-69,5.54E-78,1.14E-87,3.63E-98,1.80E-109,9.64E-122,1.33E-135,1.07E-146,9.67E-160,1.12E-173,2.09E-188,5.85E-204,1.32E-220,1.94E-237,1.85E-253,9.02E-271,6.29E-289,7.15E-308,0,0
1546.868687,0,0,0,0,0,0,0,0,0,0,0,0,0,0,0,0,0,0,0,0,0,0,0,0,0,0,0,0,0,0,0,0,0,0,5e-324,1.93E-303,3.86E-284,1.05E-265,4.21E-248,2.03E-231,9.58E-217,3.00E-199,2.05E-183,1.43E-168,1.46E-154,2.17E-141,2.96E-129,5.11E-118,4.05E-105,8.64E-94,2.38E-83,9.96E-74,5.66E-65,1.51E-57,2.92E-49,3.10E-41,2.62E-34,3.24E-28,6.17E-23,1.40E-18,1.39E-17,1.03E-10,3.96E-07,0.000189303,0.016040643,0.268966582,0.934602868,0.686546212,0.107090136,0.003513532,2.36E-05,3.01E-08,6.11E-12,7.92E-17,3.16E-21,1.68E-25,6.43E-31,3.65E-37,3.32E-44,3.89E-52,5.88E-62,3.64E-69,7.22E-78,1.52E-87,5.00E-98,2.56E-109,1.43E-121,1.67E-135,1.60E-146,1.50E-159,1.81E-173,3.48E-188,1.01E-203,2.42E-220,3.31E-237,3.42E-253,1.74E-270,1.26E-288,1.49E-307,0
1546.666667,0,0,0,0,0,0,0,0,0,0,0,0,0,0,0,0,0,0,0,0,0,0,0,0,0,0,0,0,0,0,0,0,0,0,0,5e-324,1.88E-303,3.73E-284,1.00E-265,3.99E-248,1.92E-231,9.15E-217,2.78E-199,1.89E-183,1.31E-168,1.34E-154,1.98E-141,2.70E-129,4.52E-118,3.65E-105,7.79E-94,2.14E-83,9.01E-74,5.14E-65,1.40E-57,2.62E-49,2.82E-41,2.40E-34,2.98E-28,5.73E-23,1.32E-18,2.01E-17,9.63E-11,3.76E-07,0.000181815,0.015587304,0.264542199,0.930965955,0.693104638,0.109661285,0.003652797,2.49E-05,3.24E-08,6.71E-12,9.09E-17,3.45E-21,1.90E-25,7.48E-31,4.35E-37,4.05E-44,4.90E-52,8.46E-62,4.61E-69,9.50E-78,2.07E-87,6.98E-98,3.69E-109,2.14E-121,2.09E-135,2.44E-146,2.38E-159,2.96E-173,5.90E-188,1.78E-203,4.51E-220,5.74E-237,6.43E-253,3.41E-270,2.58E-288,3.17E-307
1546.464646,0,0,0,0,0,0,0,0,0,0,0,0,0,0,0,0,0,0,0,0,0,0,0,0,0,0,0,0,0,0,0,0,0,0,0,0,5e-324,1.79E-303,3.52E-284,9.38E-266,3.72E-248,1.77E-231,8.62E-217,2.52E-199,1.71E-183,1.18E-168,1.20E-154,1.78E-141,2.43E-129,3.93E-118,3.23E-105,6.93E-94,1.91E-83,8.06E-74,4.62E-65,1.28E-57,2.32E-49,2.54E-41,2.18E-34,2.73E-28,5.29E-23,1.23E-18,2.74E-17,8.96E-11,3.55E-07,0.000174134,0.015117105,0.259890828,0.927010836,0.700026772,0.112431106,0.003805234,2.64E-05,3.50E-08,7.41E-12,1.05E-16,3.78E-21,2.17E-25,8.77E-31,5.23E-37,5.00E-44,6.24E-52,1.23E-61,5.90E-69,1.26E-77,2.83E-87,9.88E-98,5.39E-109,3.26E-121,2.58E-135,3.76E-146,3.82E-159,4.92E-173,1.02E-187,3.20E-203,8.59E-220,1.01E-236,1.23E-252,6.85E-270,5.39E-288
1546.262626,0,0,0,0,0,0,0,0,0,0,0,0,0,0,0,0,0,0,0,0,0,0,0,0,0,0,0,0,0,0,0,0,0,0,0,0,0,5e-324,1.67E-303,3.26E-284,8.60E-266,3.38E-248,1.61E-231,8.01E-217,2.24E-199,1.51E-183,1.05E-168,1.06E-154,1.57E-141,2.16E-129,3.35E-118,2.83E-105,6.08E-94,1.68E-83,7.13E-74,4.12E-65,1.17E-57,2.04E-49,2.26E-41,1.96E-34,2.48E-28,4.86E-23,1.15E-18,3.58E-17,8.29E-11,3.35E-07,0.000166308,0.014632062,0.255021696,0.922721795,0.707306579,0.115408824,0.003971928,2.80E-05,3.79E-08,8.22E-12,1.22E-16,4.15E-21,2.50E-25,1.03E-30,6.33E-37,6.21E-44,8.01E-52,1.79E-61,7.62E-69,1.70E-77,3.93E-87,1.41E-97,7.99E-109,5.05E-121,3.13E-135,5.88E-146,6.23E-159,8.33E-173,1.79E-187,5.85E-203,1.67E-219,1.80E-236,2.42E-252,1.40E-269
1546.060606,0,0,0,0,0,0,0,0,0,0,0,0,0,0,0,0,0,0,0,0,0,0,0,0,0,0,0,0,0,0,0,0,0,0,0,0,0,0,5e-324,1.52E-303,2.94E-284,7.72E-266,3.02E-248,1.43E-231,7.34E-217,1.95E-199,1.32E-183,9.10E-169,9.24E-155,1.37E-141,1.89E-129,2.80E-118,2.44E-105,5.27E-94,1.47E-83,6.24E-74,3.63E-65,1.06E-57,1.77E-49,2.00E-41,1.75E-34,2.23E-28,4.43E-23,1.07E-18,4.50E-17,7.63E-11,3.14E-07,0.000158383,0.014134229,0.249944607,0.9180827,0.71493705,0.118604312,0.004154076,2.99E-05,4.13E-08,9.16E-12,1.42E-16,4.57E-21,2.89E-25,1.23E-30,7.72E-37,7.79E-44,1.04E-51,2.63E-61,9.94E-69,2.31E-77,5.53E-87,2.05E-97,1.20E-108,7.92E-121,3.67E-135,9.33E-146,1.03E-158,1.43E-172,3.20E-187,1.09E-202,3.30E-219,3.25E-236,4.83E-252
1545.858586,0,0,0,0,0,0,0,0,0,0,0,0,0,0,0,0,0,0,0,0,0,0,0,0,0,0,0,0,0,0,0,0,0,0,0,0,0,0,0,5e-324,1.35E-303,2.60E-284,6.78E-266,2.64E-248,1.25E-231,6.63E-217,1.67E-199,1.13E-183,7.78E-169,7.91E-155,1.17E-141,1.63E-129,2.30E-118,2.07E-105,4.51E-94,1.26E-83,5.40E-74,3.17E-65,9.47E-58,1.52E-49,1.75E-41,1.55E-34,2.00E-28,4.02E-23,9.83E-19,5.49E-17,6.99E-11,2.94E-07,0.000150404,0.013625681,0.244669944,0.913077096,0.722910094,0.122028111,0.004353008,3.19E-05,4.50E-08,1.03E-11,1.67E-16,5.06E-21,3.35E-25,1.47E-30,9.49E-37,9.85E-44,1.36E-51,3.90E-61,1.31E-68,3.18E-77,7.86E-87,3.01E-97,1.82E-108,1.26E-120,4.09E-135,1.50E-145,1.74E-158,2.51E-172,5.82E-187,2.07E-202,6.65E-219,5.97E-236
1545.656566,0,0,0,0,0,0,0,0,0,0,0,0,0,0,0,0,0,0,0,0,0,0,0,0,0,0,0,0,0,0,0,0,0,0,0,0,0,0,0,0,5e-324,1.17E-303,2.24E-284,5.82E-266,2.26E-248,1.07E-231,5.90E-217,1.40E-199,9.49E-184,6.54E-169,6.66E-155,9.90E-142,1.39E-129,1.86E-118,1.74E-105,3.81E-94,1.07E-83,4.62E-74,2.74E-65,8.42E-58,1.29E-49,1.52E-41,1.36E-34,1.78E-28,3.62E-23,9.02E-19,6.52E-17,6.37E-11,2.74E-07,0.000142414,0.013108503,0.239208653,0.907688312,0.731216428,0.125691448,0.004570191,3.42E-05,4.93E-08,1.15E-11,1.97E-16,5.61E-21,3.92E-25,1.77E-30,1.17E-36,1.26E-43,1.80E-51,5.82E-61,1.74E-68,4.42E-77,1.13E-86,4.48E-97,2.81E-108,2.04E-120,4.22E-135,2.45E-145,2.98E-158,4.47E-172,1.08E-186,3.99E-202,1.37E-218
1545.454545,0,0,0,0,0,0,0,0,0,0,0,0,0,0,0,0,0,0,0,0,0,0,0,0,0,0,0,0,0,0,0,0,0,0,0,0,0,0,0,0,0,5e-324,9.92E-304,1.89E-284,4.89E-266,1.89E-248,8.94E-232,5.17E-217,1.15E-199,7.83E-184,5.41E-169,5.51E-155,8.22E-142,1.17E-129,1.47E-118,1.43E-105,3.17E-94,8.98E-84,3.91E-74,2.34E-65,7.42E-58,1.08E-49,1.31E-41,1.19E-34,1.57E-28,3.24E-23,8.24E-19,7.57E-17,5.78E-11,2.54E-07,0.000134456,0.012584774,0.233572235,0.901899566,0.739845454,0.129606251,0.00480725,3.67E-05,5.42E-08,1.30E-11,2.33E-16,6.23E-21,4.60E-25,2.15E-30,1.47E-36,1.62E-43,2.39E-51,8.75E-61,2.32E-68,6.20E-77,1.64E-86,6.75E-97,4.40E-108,3.34E-120,3.79E-135,4.07E-145,5.17E-158,8.09E-172,2.03E-186,7.86E-202
1545.252525,0,0,0,0,0,0,0,0,0,0,0,0,0,0,0,0,0,0,0,0,0,0,0,0,0,0,0,0,0,0,0,0,0,0,0,0,0,0,0,0,0,0,0,8.21E-304,1.56E-284,4.03E-266,1.56E-248,7.35E-232,4.46E-217,9.23E-200,6.34E-184,4.39E-169,4.49E-155,6.73E-142,9.65E-130,1.14E-118,1.17E-105,2.61E-94,7.45E-84,3.27E-74,1.98E-65,6.49E-58,9.02E-50,1.12E-41,1.03E-34,1.38E-28,2.89E-23,7.49E-19,8.60E-17,5.21E-11,2.35E-07,0.000126569,0.012056558,0.227772735,0.89569409,0.74878514,0.133785166,0.005065982,3.96E-05,5.98E-08,1.48E-11,2.78E-16,6.95E-21,5.44E-25,2.62E-30,1.84E-36,2.10E-43,3.22E-51,1.32E-60,3.14E-68,8.80E-77,2.42E-86,1.03E-96,6.96E-108,5.55E-120,2.55E-135,6.84E-145,9.14E-158,1.49E-171,3.89E-186
1545.050505,0,0,0,0,0,0,0,0,0,0,0,0,0,0,0,0,0,0,0,0,0,0,0,0,0,0,0,0,0,0,0,0,0,0,0,0,0,0,0,0,0,0,0,0,6.63E-304,1.26E-284,3.24E-266,1.25E-248,5.92E-232,3.79E-217,7.29E-200,5.04E-184,3.50E-169,3.60E-155,5.42E-142,7.88E-130,8.69E-119,9.37E-106,2.12E-94,6.10E-84,2.70E-74,1.66E-65,5.62E-58,7.41E-50,9.44E-42,8.83E-35,1.20E-28,2.56E-23,6.77E-19,9.60E-17,4.68E-11,2.16E-07,0.00011879,0.011525891,0.221822714,0.889055259,0.758021892,0.138241566,0.00534837,4.27E-05,6.62E-08,1.68E-11,3.34E-16,7.76E-21,6.46E-25,3.22E-30,2.33E-36,2.74E-43,4.38E-51,2.02E-60,4.28E-68,1.26E-76,3.61E-86,1.59E-96,1.12E-107,9.35E-120,7.17E-136,1.17E-144,1.64E-157,2.79E-171
1544.848485,0,0,0,0,0,0,0,0,0,0,0,0,0,0,0,0,0,0,0,0,0,0,0,0,0,0,0,0,0,0,0,0,0,0,0,0,0,0,0,0,0,0,0,0,0,5.23E-304,9.92E-285,2.55E-266,9.85E-249,4.68E-232,3.16E-217,5.64E-200,3.93E-184,2.75E-169,2.83E-155,4.30E-142,6.34E-130,6.48E-119,7.42E-106,1.69E-94,4.93E-84,2.21E-74,1.38E-65,4.83E-58,6.03E-50,7.91E-42,7.52E-35,1.04E-28,2.25E-23,6.09E-19,1.05E-16,4.18E-11,1.98E-07,0.000111155,0.010994765,0.215735237,0.881966725,0.767540418,0.142989566,0.005656609,4.63E-05,7.36E-08,1.93E-11,4.03E-16,8.69E-21,7.72E-25,3.97E-30,2.98E-36,3.62E-43,6.01E-51,3.10E-60,5.88E-68,1.83E-76,5.43E-86,2.49E-96,1.82E-107,1.60E-119,3.03E-136,2.02E-144,2.99E-157
1544.646465,0,0,0,0,0,0,0,0,0,0,0,0,0,0,0,0,0,0,0,0,0,0,0,0,0,0,0,0,0,0,0,0,0,0,0,0,0,0,0,0,0,0,0,0,0,0,4.03E-304,7.64E-285,1.97E-266,7.60E-249,3.63E-232,2.60E-217,4.28E-200,3.02E-184,2.12E-169,2.20E-155,3.36E-142,5.02E-130,4.73E-119,5.78E-106,1.34E-94,3.94E-84,1.79E-74,1.13E-65,4.11E-58,4.85E-50,6.57E-42,6.35E-35,8.92E-29,1.96E-23,5.45E-19,1.14E-16,3.71E-11,1.81E-07,0.000103695,0.010465118,0.209523836,0.874412566,0.777323598,0.148044023,0.005993123,5.02E-05,8.20E-08,2.21E-11,4.88E-16,9.75E-21,9.27E-25,4.95E-30,3.83E-36,4.81E-43,8.32E-51,4.80E-60,8.16E-68,2.68E-76,8.28E-86,3.94E-96,3.00E-107,2.77E-119,8.90E-135,3.54E-144
1544.444444,0,0,0,0,0,0,0,0,0,0,0,0,0,0,0,0,0,0,0,0,0,0,0,0,0,0,0,0,0,0,0,0,0,0,0,0,0,0,0,0,0,0,0,0,0,0,0,3.03E-304,5.76E-285,1.48E-266,5.74E-249,2.76E-232,2.10E-217,3.18E-200,2.27E-184,1.60E-169,1.67E-155,2.58E-142,3.93E-130,3.38E-119,4.45E-106,1.04E-94,3.11E-84,1.43E-74,9.17E-66,3.47E-58,3.85E-50,5.40E-42,5.32E-35,7.60E-29,1.71E-23,4.85E-19,1.21E-16,3.27E-11,1.65E-07,9.64E-05,0.009938824,0.203202483,0.866377438,0.787352348,0.153420544,0.00636059,5.47E-05,9.17E-08,2.55E-11,5.95E-16,1.09E-20,1.12E-24,6.19E-30,4.96E-36,6.45E-43,1.16E-50,7.48E-60,1.14E-67,3.97E-76,1.28E-85,6.32E-96,5.01E-107,4.88E-119,4.97E-134
1544.242424,0,0,0,0,0,0,0,0,0,0,0,0,0,0,0,0,0,0,0,0,0,0,0,0,0,0,0,0,0,0,0,0,0,0,0,0,0,0,0,0,0,0,0,0,0,0,0,0,2.23E-304,4.24E-285,1.09E-266,4.25E-249,2.05E-232,1.67E-217,2.32E-200,1.68E-184,1.19E-169,1.26E-155,1.95E-142,3.03E-130,2.37E-119,3.37E-106,8.04E-95,2.43E-84,1.13E-74,7.37E-66,2.90E-58,3.03E-50,4.40E-42,4.42E-35,6.44E-29,1.47E-23,4.29E-19,1.27E-16,2.87E-11,1.49E-07,8.94E-05,0.009417678,0.196785551,0.857846737,0.797605477,0.159135477,0.006761969,5.97E-05,1.03E-07,2.96E-11,7.28E-16,1.23E-20,1.36E-24,7.81E-30,6.47E-36,8.72E-43,1.64E-50,1.17E-59,1.61E-67,5.93E-76,1.99E-85,1.03E-95,8.48E-107,8.70E-119
1544.040404,0,0,0,0,0,0,0,0,0,0,0,0,0,0,0,0,0,0,0,0,0,0,0,0,0,0,0,0,0,0,0,0,0,0,0,0,0,0,0,0,0,0,0,0,0,0,0,0,0,1.60E-304,3.05E-285,7.90E-267,3.08E-249,1.50E-232,1.30E-217,1.66E-200,1.21E-184,8.72E-170,9.26E-156,1.46E-142,2.30E-130,1.62E-119,2.52E-106,6.10E-95,1.87E-84,8.81E-75,5.86E-66,2.40E-58,2.35E-50,3.55E-42,3.65E-35,5.41E-29,1.26E-23,3.78E-19,1.32E-16,2.51E-11,1.35E-07,8.26E-05,0.008903394,0.190287771,0.84880677,0.808059554,0.165205905,0.007200525,6.52E-05,1.16E-07,3.44E-11,8.96E-16,1.39E-20,1.66E-24,9.90E-30,8.51E-36,1.19E-42,2.33E-50,1.86E-59,2.28E-67,8.96E-76,3.14E-85,1.69E-95,1.45E-106
1543.838384,0,0,0,0,0,0,0,0,0,0,0,0,0,0,0,0,0,0,0,0,0,0,0,0,0,0,0,0,0,0,0,0,0,0,0,0,0,0,0,0,0,0,0,0,0,0,0,0,0,0,1.12E-304,2.15E-285,5.58E-267,2.18E-249,1.07E-232,9.96E-218,1.16E-200,8.64E-185,6.27E-170,6.71E-156,1.07E-142,1.72E-130,1.08E-119,1.85E-106,4.57E-95,1.42E-84,6.81E-75,4.61E-66,1.97E-58,1.81E-50,2.84E-42,2.98E-35,4.51E-29,1.08E-23,3.31E-19,1.35E-16,2.18E-11,1.21E-07,7.61E-05,0.008397584,0.183724189,0.839244926,0.818688773,0.171649627,0.007679868,7.15E-05,1.31E-07,4.02E-11,1.11E-15,1.56E-20,2.03E-24,1.26E-29,1.13E-35,1.63E-42,3.35E-50,2.96E-59,3.27E-67,1.37E-75,5.01E-85,2.80E-95
1543.636364,0,0,0,0,0,0,0,0,0,0,0,0,0,0,0,0,0,0,0,0,0,0,0,0,0,0,0,0,0,0,0,0,0,0,0,0,0,0,0,0,0,0,0,0,0,0,0,0,0,0,0,7.65E-305,1.48E-285,3.85E-267,1.52E-249,7.53E-233,7.49E-218,7.98E-201,6.04E-185,4.42E-170,4.79E-156,7.72E-143,1.27E-130,7.00E-120,1.34E-106,3.38E-95,1.07E-84,5.20E-75,3.59E-66,1.60E-58,1.37E-50,2.25E-42,2.42E-35,3.74E-29,9.12E-24,2.89E-19,1.37E-16,1.88E-11,1.08E-07,6.99E-05,0.007901762,0.177110108,0.829149861,0.829464821,0.178485132,0.00820398,7.86E-05,1.48E-07,4.72E-11,1.38E-15,1.75E-20,2.50E-24,1.62E-29,1.50E-35,2.26E-42,4.85E-50,4.76E-59,4.71E-67,2.11E-75,8.08E-85
1543.434343,0,0,0,0,0,0,0,0,0,0,0,0,0,0,0,0,0,0,0,0,0,0,0,0,0,0,0,0,0,0,0,0,0,0,0,0,0,0,0,0,0,0,0,0,0,0,0,0,0,0,0,0,5.11E-305,9.92E-286,2.60E-267,1.03E-249,5.18E-233,5.53E-218,5.37E-201,4.14E-185,3.07E-170,3.36E-156,5.49E-143,9.22E-131,4.43E-120,9.61E-107,2.47E-95,7.92E-85,3.92E-75,2.77E-66,1.29E-58,1.03E-50,1.77E-42,1.94E-35,3.07E-29,7.67E-24,2.50E-19,1.37E-16,1.61E-11,9.64E-08,6.40E-05,0.007417326,0.170461037,0.818511679,0.840356751,0.185731567,0.008777259,8.66E-05,1.68E-07,5.56E-11,1.72E-15,1.97E-20,3.10E-24,2.10E-29,2.02E-35,3.16E-42,7.08E-50,7.69E-59,6.85E-67,3.29E-75
1543.232323,0,0,0,0,0,0,0,0,0,0,0,0,0,0,0,0,0,0,0,0,0,0,0,0,0,0,0,0,0,0,0,0,0,0,0,0,0,0,0,0,0,0,0,0,0,0,0,0,0,0,0,0,0,3.33E-305,6.52E-286,1.72E-267,6.89E-250,3.50E-233,4.01E-218,3.54E-201,2.78E-185,2.09E-170,2.32E-156,3.84E-143,6.61E-131,2.72E-120,6.77E-107,1.78E-95,5.80E-85,2.93E-75,2.11E-66,1.03E-58,7.60E-51,1.38E-42,1.55E-35,2.51E-29,6.41E-24,2.16E-19,1.36E-16,1.37E-11,8.55E-08,5.84E-05,0.006945559,0.163792624,0.807322122,0.851330866,0.193408688,0.009404558,9.56E-05,1.92E-07,6.57E-11,2.15E-15,2.21E-20,3.86E-24,2.73E-29,2.73E-35,4.45E-42,1.04E-49,1.25E-58,1.00E-66
1543.030303,0,0,0,0,0,0,0,0,0,0,0,0,0,0,0,0,0,0,0,0,0,0,0,0,0,0,0,0,0,0,0,0,0,0,0,0,0,0,0,0,0,0,0,0,0,0,0,0,0,0,0,0,0,0,2.12E-305,4.19E-286,1.11E-267,4.49E-250,2.31E-233,2.85E-218,2.29E-201,1.84E-185,1.40E-170,1.57E-156,2.64E-143,4.66E-131,1.61E-120,4.70E-107,1.26E-95,4.20E-85,2.16E-75,1.59E-66,8.13E-59,5.56E-51,1.06E-42,1.23E-35,2.03E-29,5.32E-24,1.85E-19,1.33E-16,1.17E-11,7.55E-08,5.31E-05,0.00648762,0.157120596,0.795574756,0.862350612,0.201536799,0.010091229,0.000105741,2.19E-07,7.79E-11,2.71E-15,2.48E-20,4.83E-24,3.57E-29,3.71E-35,6.31E-42,1.55E-49,2.06E-58
1542.828283,0,0,0,0,0,0,0,0,0,0,0,0,0,0,0,0,0,0,0,0,0,0,0,0,0,0,0,0,0,0,0,0,0,0,0,0,0,0,0,0,0,0,0,0,0,0,0,0,0,0,0,0,0,0,0,1.32E-305,2.63E-286,7.05E-268,2.87E-250,1.50E-233,1.99E-218,1.45E-201,1.19E-185,9.21E-171,1.05E-156,1.79E-143,3.24E-131,9.25E-121,3.21E-107,8.84E-96,3.00E-85,1.57E-75,1.19E-66,6.36E-59,4.01E-51,8.10E-43,9.63E-36,1.63E-29,4.39E-24,1.57E-19,1.29E-16,9.82E-12,6.64E-08,4.81E-05,0.006044543,0.150460683,0.783265162,0.873376483,0.210136682,0.010843179,0.000117249,2.51E-07,9.29E-11,3.42E-15,2.76E-20,6.07E-24,4.70E-29,5.09E-35,9.02E-42,2.33E-49
1542.626263,0,0,0,0,0,0,0,0,0,0,0,0,0,0,0,0,0,0,0,0,0,0,0,0,0,0,0,0,0,0,0,0,0,0,0,0,0,0,0,0,0,0,0,0,0,0,0,0,0,0,0,0,0,0,0,0,7.98E-306,1.61E-286,4.36E-268,1.80E-250,9.52E-234,1.36E-218,8.98E-202,7.58E-186,5.95E-171,6.88E-157,1.20E-143,2.22E-131,5.09E-121,2.17E-107,6.11E-96,2.12E-85,1.13E-75,8.76E-67,4.93E-59,2.86E-51,6.13E-43,7.49E-36,1.30E-29,3.60E-24,1.33E-19,1.24E-16,8.22E-12,5.82E-08,4.35E-05,0.00561723,0.143828549,0.770391122,0.884365943,0.219229504,0.011666917,0.000130287,2.89E-07,1.11E-10,4.35E-15,3.06E-20,7.67E-24,6.22E-29,7.03E-35,1.30E-41
1542.424242,0,0,0,0,0,0,0,0,0,0,0,0,0,0,0,0,0,0,0,0,0,0,0,0,0,0,0,0,0,0,0,0,0,0,0,0,0,0,0,0,0,0,0,0,0,0,0,0,0,0,0,0,0,0,0,0,0,4.73E-306,9.65E-287,2.64E-268,1.10E-250,5.93E-234,9.09E-219,5.46E-202,4.73E-186,3.78E-171,4.44E-157,7.85E-144,1.50E-131,2.67E-121,1.44E-107,4.17E-96,1.47E-85,8.07E-76,6.40E-67,3.78E-59,2.01E-51,4.59E-43,5.77E-36,1.03E-29,2.93E-24,1.12E-19,1.18E-16,6.83E-12,5.07E-08,3.91E-05,0.005206452,0.137239716,0.756952799,0.895273369,0.228836712,0.012569616,0.000145077,3.34E-07,1.33E-10,5.54E-15,3.38E-20,9.73E-24,8.29E-29,9.77E-35
1542.222222,0,0,0,0,0,0,0,0,0,0,0,0,0,0,0,0,0,0,0,0,0,0,0,0,0,0,0,0,0,0,0,0,0,0,0,0,0,0,0,0,0,0,0,0,0,0,0,0,0,0,0,0,0,0,0,0,0,0,2.73E-306,5.65E-287,1.57E-268,6.60E-251,3.62E-234,5.98E-219,3.25E-202,2.90E-186,2.35E-171,2.81E-157,5.08E-144,9.99E-132,1.32E-121,9.40E-108,2.80E-96,1.01E-85,5.68E-76,4.62E-67,2.87E-59,1.39E-51,3.40E-43,4.42E-36,8.11E-30,2.37E-24,9.42E-20,1.12E-16,5.65E-12,4.40E-08,3.51E-05,0.004812848,0.130709478,0.742952908,0.906050013,0.238979902,0.013559177,0.000161876,3.86E-07,1.61E-10,7.10E-15,3.70E-20,1.24E-23,1.11E-28
1542.020202,0,0,0,0,0,0,0,0,0,0,0,0,0,0,0,0,0,0,0,0,0,0,0,0,0,0,0,0,0,0,0,0,0,0,0,0,0,0,0,0,0,0,0,0,0,0,0,0,0,0,0,0,0,0,0,0,0,0,0,1.54E-306,3.24E-287,9.07E-269,3.87E-251,2.16E-234,3.85E-219,1.89E-202,1.74E-186,1.44E-171,1.75E-157,3.23E-144,6.54E-132,6.04E-122,6.06E-108,1.86E-96,6.89E-86,3.95E-76,3.30E-67,2.16E-59,9.54E-52,2.50E-43,3.35E-36,6.32E-30,1.90E-24,7.84E-20,1.05E-16,4.64E-12,3.80E-08,3.13E-05,0.004436926,0.124252831,0.728396887,0.916643995,0.249680674,0.014644297,0.000180978,4.47E-07,1.94E-10,9.12E-15,4.00E-20,1.59E-23
1541.818182,0,0,0,0,0,0,0,0,0,0,0,0,0,0,0,0,0,0,0,0,0,0,0,0,0,0,0,0,0,0,0,0,0,0,0,0,0,0,0,0,0,0,0,0,0,0,0,0,0,0,0,0,0,0,0,0,0,0,0,0,8.48E-307,1.81E-287,5.14E-269,2.23E-251,1.27E-234,2.43E-219,1.08E-202,1.03E-186,8.68E-172,1.08E-157,2.02E-144,4.22E-132,2.49E-122,3.85E-108,1.22E-96,4.62E-86,2.71E-76,2.34E-67,1.61E-59,6.43E-52,1.82E-43,2.52E-36,4.89E-30,1.52E-24,6.49E-20,9.70E-17,3.78E-12,3.27E-08,2.79E-05,0.004079065,0.11788438,0.713293044,0.927000322,0.260960452,0.015834544,0.000202726,5.20E-07,2.36E-10,1.18E-14,4.28E-20
1541.616162,0,0,0,0,0,0,0,0,0,0,0,0,0,0,0,0,0,0,0,0,0,0,0,0,0,0,0,0,0,0,0,0,0,0,0,0,0,0,0,0,0,0,0,0,0,0,0,0,0,0,0,0,0,0,0,0,0,0,0,0,0,4.56E-307,9.89E-288,2.85E-269,1.25E-251,7.28E-235,1.50E-219,6.05E-203,5.95E-187,5.13E-172,6.48E-158,1.24E-144,2.69E-132,8.80E-123,2.40E-108,7.86E-97,3.06E-86,1.84E-76,1.63E-67,1.18E-59,4.27E-52,1.31E-43,1.88E-36,3.76E-30,1.20E-24,5.34E-20,8.92E-17,3.06E-12,2.80E-08,2.47E-05,0.003739515,0.111618265,0.697652696,0.937060943,0.272840293,0.017140435,0.000227515,6.07E-07,2.87E-10,1.53E-14
1541.414141,0,0,0,0,0,0,0,0,0,0,0,0,0,0,0,0,0,0,0,0,0,0,0,0,0,0,0,0,0,0,0,0,0,0,0,0,0,0,0,0,0,0,0,0,0,0,0,0,0,0,0,0,0,0,0,0,0,0,0,0,0,0,2.39E-307,5.28E-288,1.55E-269,6.90E-252,4.09E-235,9.10E-220,3.31E-203,3.38E-187,2.98E-172,3.84E-158,7.54E-145,1.68E-132,2.33E-123,1.48E-108,5.00E-97,2.00E-86,1.24E-76,1.13E-67,8.61E-60,2.80E-52,9.34E-44,1.39E-36,2.86E-30,9.48E-25,4.37E-20,8.13E-17,2.46E-12,2.38E-08,2.19E-05,0.003418405,0.105468074,0.681490286,0.94676484,0.285340652,0.018573519,0.000255802,7.09E-07,3.50E-10
1541.212121,0,0,0,0,0,0,0,0,0,0,0,0,0,0,0,0,0,0,0,0,0,0,0,0,0,0,0,0,0,0,0,0,0,0,0,0,0,0,0,0,0,0,0,0,0,0,0,0,0,0,0,0,0,0,0,0,0,0,0,0,0,0,0,1.22E-307,2.76E-288,8.19E-270,3.72E-252,2.26E-235,5.40E-220,1.77E-203,1.88E-187,1.70E-172,2.24E-158,4.50E-145,1.04E-132,2.91E-124,8.97E-109,3.14E-97,1.29E-86,8.20E-77,7.72E-68,6.21E-60,1.80E-52,6.59E-44,1.01E-36,2.17E-30,7.40E-25,3.55E-20,7.34E-17,1.96E-12,2.02E-08,1.93E-05,0.003115748,0.099446768,0.664823483,0.956048164,0.298481131,0.020146471,0.000288114,8.32E-07
1541.010101,0,0,0,0,0,0,0,0,0,0,0,0,0,0,0,0,0,0,0,0,0,0,0,0,0,0,0,0,0,0,0,0,0,0,0,0,0,0,0,0,0,0,0,0,0,0,0,0,0,0,0,0,0,0,0,0,0,0,0,0,0,0,0,0,6.11E-308,1.41E-288,4.25E-270,1.97E-252,1.22E-235,3.14E-220,9.31E-204,1.03E-187,9.50E-173,1.28E-158,2.64E-145,6.30E-133,1.05E-125,5.35E-109,1.95E-97,8.22E-87,5.37E-77,5.22E-68,4.43E-60,1.14E-52,4.61E-44,7.36E-37,1.62E-30,5.75E-25,2.87E-20,6.58E-17,1.55E-12,1.70E-08,1.69E-05,0.002831443,0.093566599,0.647673252,0.964844415,0.312280185,0.021873186,0.000325064
1540.808081,0,0,0,0,0,0,0,0,0,0,0,0,0,0,0,0,0,0,0,0,0,0,0,0,0,0,0,0,0,0,0,0,0,0,0,0,0,0,0,0,0,0,0,0,0,0,0,0,0,0,0,0,0,0,0,0,0,0,0,0,0,0,0,0,0,2.98E-308,7.00E-289,2.15E-270,1.02E-252,6.45E-236,1.79E-220,4.78E-204,5.52E-188,5.22E-173,7.21E-159,1.52E-145,3.77E-133,2.42E-124,3.15E-109,1.19E-97,5.17E-87,3.48E-77,3.49E-68,3.13E-60,7.08E-53,3.19E-44,5.30E-37,1.21E-30,4.43E-25,2.30E-20,5.85E-17,1.22E-12,1.43E-08,1.48E-05,0.002565285,0.08783904,0.630063904,0.973084669,0.326754806,0.023768875
1540.606061,0,0,0,0,0,0,0,0,0,0,0,0,0,0,0,0,0,0,0,0,0,0,0,0,0,0,0,0,0,0,0,0,0,0,0,0,0,0,0,0,0,0,0,0,0,0,0,0,0,0,0,0,0,0,0,0,0,0,0,0,0,0,0,0,0,0,0.00E+00,3.41E-289,1.07E-270,5.13E-253,3.35E-236,9.99E-221,2.40E-204,2.91E-188,2.82E-173,3.99E-159,8.65E-146,2.22E-133,4.90E-124,1.82E-109,7.15E-98,3.21E-87,2.22E-77,2.31E-68,2.19E-60,4.32E-53,2.18E-44,3.78E-37,8.93E-31,3.39E-25,1.84E-20,5.16E-17,9.50E-13,1.19E-08,1.28E-05,0.002316973,0.082274711,0.612023107,0.980697859,0.341920164
1540.40404,0,0,0,0,0,0,0,0,0,0,0,0,0,0,0,0,0,0,0,0,0,0,0,0,0,0,0,0,0,0,0,0,0,0,0,0,0,0,0,0,0,0,0,0,0,0,0,0,0,0,0,0,0,0,0,0,0,0,0,0,0,0,0,0,0,0,0,0.00E+00,1.62E-289,5.18E-271,2.54E-253,1.70E-236,5.46E-221,1.18E-204,1.50E-188,1.50E-173,2.17E-159,4.83E-146,1.29E-133,6.15E-124,1.04E-109,4.25E-98,1.96E-87,1.40E-77,1.51E-68,1.51E-60,2.59E-53,1.48E-44,2.67E-37,6.54E-31,2.57E-25,1.46E-20,4.51E-17,7.34E-13,9.90E-09,1.11E-05,0.002086113,0.076883322,0.593581875,0.987611115
1540.20202,0,0,0,0,0,0,0,0,0,0,0,0,0,0,0,0,0,0,0,0,0,0,0,0,0,0,0,0,0,0,0,0,0,0,0,0,0,0,0,0,0,0,0,0,0,0,0,0,0,0,0,0,0,0,0,0,0,0,0,0,0,0,0,0,0,0,0,0,0.00E+00,7.52E-290,2.45E-271,1.23E-253,8.45E-237,2.92E-221,5.68E-205,7.59E-189,7.79E-174,1.16E-159,2.66E-146,7.34E-134,6.17E-124,5.81E-110,2.49E-98,1.19E-87,8.76E-78,9.75E-69,1.03E-60,1.51E-53,9.93E-45,1.87E-37,4.75E-31,1.94E-25,1.15E-20,3.91E-17,5.62E-13,8.18E-09,9.60E-06,0.001872236,0.071673608,0.574774513
1540,0,0,0,0,0,0,0,0,0,0,0,0,0,0,0,0,0,0,0,0,0,0,0,0,0,0,0,0,0,0,0,0,0,0,0,0,0,0,0,0,0,0,0,0,0,0,0,0,0,0,0,0,0,0,0,0,0,0,0,0,0,0,0,0,0,0,0,0,0,0.00E+00,3.41E-290,1.14E-271,5.83E-254,4.12E-237,1.53E-221,2.67E-205,3.77E-189,3.98E-174,6.08E-160,1.44E-146,4.13E-134,5.42E-124,3.21E-110,1.43E-98,7.09E-88,5.40E-78,6.23E-69,6.98E-61,8.66E-54,6.59E-45,1.30E-37,3.42E-31,1.45E-25,8.98E-21,3.37E-17,4.27E-13,6.72E-09,8.25E-06,0.001674798,0.066653286
